Final_ID,Source_IND_ID,Sex,Sex_status
IND001,IND001,M,consistent_available_calls
IND002,IND002,F,consistent_available_calls
IND003,IND003,U,no_sex_call
IND004,IND004,F,consistent_available_calls
IND005,IND005,F,consistent_available_calls
IND006,IND006,F,consistent_available_calls
IND007,IND007,U,conflicting_calls
IND008,IND008,F,consistent_available_calls
IND009,IND009,U,no_sex_call
IND010,IND010,U,conflicting_calls
IND011,IND011,F,consistent_available_calls
IND012,IND012,F,consistent_available_calls
IND013,IND013,M,consistent_available_calls
IND014,IND014,U,no_sex_call
IND015,IND015,F,consistent_available_calls
IND016,IND016,F,consistent_available_calls
IND017,IND017,U,no_sex_call
IND018,IND018,U,no_sex_call
IND019,IND019,F,consistent_available_calls
IND021,IND021,F,consistent_available_calls
IND022,IND022,F,consistent_available_calls
IND023,IND023,M,consistent_available_calls
IND024,IND024,F,consistent_available_calls
IND025,IND025,F,consistent_available_calls
IND026,IND026,M,consistent_available_calls
IND027,IND027,F,consistent_available_calls
IND028,IND028,M,consistent_available_calls
IND029,IND029,U,no_sex_call
IND030,IND030,M,consistent_available_calls
IND031,IND031,F,consistent_available_calls
IND032,IND032,F,consistent_available_calls
IND033,IND033,U,no_sex_call
IND034,IND034,M,consistent_available_calls
IND035,IND035,U,no_sex_call
IND036,IND036,M,consistent_available_calls
IND037,IND037,F,consistent_available_calls
IND038,IND038,F,consistent_available_calls
IND039,IND039,U,no_sex_call
IND040,IND040,U,no_sex_call
IND041,IND041,M,consistent_available_calls
IND042,IND042,M,consistent_available_calls
IND043,IND043,F,consistent_available_calls
IND044,IND044,F,consistent_available_calls
IND045,IND045,M,consistent_available_calls
IND046,IND046,F,consistent_available_calls
IND047,IND047,U,no_sex_call
IND048,IND048,U,no_sex_call
IND049,IND049,M,consistent_available_calls
IND050,IND050,M,consistent_available_calls
IND052,IND052,M,consistent_available_calls
IND053,IND053,F,consistent_available_calls
IND054,IND054,U,no_sex_call
IND055,IND055,U,no_sex_call
IND056,IND056,M,consistent_available_calls
IND057,IND057,F,consistent_available_calls
IND058,IND058,U,no_sex_call
IND059,IND059,M,consistent_available_calls
IND060,IND060,M,consistent_available_calls
IND061,IND061,U,no_sex_call
IND062,IND062,U,no_sex_call
IND063,IND063,M,consistent_available_calls
IND064,IND064,F,consistent_available_calls
IND065,IND065,M,consistent_available_calls
IND066,IND066,M,consistent_available_calls
IND067,IND067,F,consistent_available_calls
IND068,IND068,F,consistent_available_calls
IND069,IND069,M,consistent_available_calls
IND070,IND070,U,no_sex_call
IND071,IND071,M,consistent_available_calls
IND072,IND072,M,consistent_available_calls
IND073,IND073,U,no_sex_call
IND074,IND074,F,consistent_available_calls
IND075,IND075,M,consistent_available_calls
IND076,IND076,F,consistent_available_calls
IND077,IND077,M,consistent_available_calls
IND078,IND078,F,consistent_available_calls
IND079,IND079,U,no_sex_call
IND080,IND080,F,consistent_available_calls
IND082,IND082,F,consistent_available_calls
IND083,IND083,U,no_sex_call
IND084,IND084,M,consistent_available_calls
IND085,IND085,F,consistent_available_calls
IND087,IND087,U,no_sex_call
IND090,IND090,U,no_sex_call
IND091,IND091,U,no_sex_call
IND092,IND092,F,consistent_available_calls
IND093,IND093,U,no_sex_call
IND094,IND094,F,consistent_available_calls
IND095,IND095,F,consistent_available_calls
IND096,IND096,M,consistent_available_calls
IND097,IND097,U,no_sex_call
IND098,IND098,F,consistent_available_calls
IND099,IND099,M,consistent_available_calls
IND100,IND100,F,consistent_available_calls
IND101,IND101,F,consistent_available_calls
IND102,IND102,F,consistent_available_calls
IND103,IND103,U,no_sex_call
IND104,IND104,F,consistent_available_calls
IND105,IND105,F,consistent_available_calls
IND106,IND106,F,consistent_available_calls
IND107,IND107,M,consistent_available_calls
IND108,IND108,U,no_sex_call
IND109,IND109,F,consistent_available_calls
IND110,IND110,F,consistent_available_calls
IND111,IND111,U,no_sex_call
IND112,IND112,M,consistent_available_calls
IND113,IND113,F,consistent_available_calls
IND114,IND114,M,consistent_available_calls
IND115,IND115,U,no_sex_call
IND116,IND116,F,consistent_available_calls
IND117,IND117,F,consistent_available_calls
IND118,IND118,U,no_sex_call
IND119,IND119,F,consistent_available_calls
IND120,IND120,F,consistent_available_calls
IND121,IND121,F,consistent_available_calls
IND122,IND122,M,consistent_available_calls
IND123,IND123,M,consistent_available_calls
IND124,IND124,F,consistent_available_calls
IND125,IND125,U,no_sex_call
IND126,IND126,M,consistent_available_calls
IND127,IND127,M,consistent_available_calls
IND128,IND128,F,consistent_available_calls
IND129,IND129,F,consistent_available_calls
IND130,IND130,U,no_sex_call
IND131,IND131,F,consistent_available_calls
IND132,IND132,F,consistent_available_calls
IND133,IND133,F,consistent_available_calls
IND134,IND134,U,no_sex_call
IND135,IND135,F,consistent_available_calls
IND136,IND136,U,no_sex_call
IND137,IND137,M,consistent_available_calls
IND138,IND138,U,no_sex_call
IND139,IND139,U,no_sex_call
IND140,IND140,F,consistent_available_calls
IND141,IND141,F,consistent_available_calls
IND142,IND142,M,consistent_available_calls
IND143,IND143,F,consistent_available_calls
IND144,IND144,M,consistent_available_calls
IND145,IND145,F,consistent_available_calls
IND146,IND146,M,consistent_available_calls
IND147,IND147,F,consistent_available_calls
IND148,IND148,F,consistent_available_calls
IND149,IND149,U,no_sex_call
IND150,IND150,F,consistent_available_calls
IND152,IND152,F,consistent_available_calls
IND153,IND153,F,consistent_available_calls
IND154,IND154,M,consistent_available_calls
IND155,IND155,F,consistent_available_calls
IND156,IND156,U,no_sex_call
IND157,IND157,F,consistent_available_calls
IND158,IND158,M,consistent_available_calls
IND159,IND159,F,consistent_available_calls
IND160,IND160,U,no_sex_call
IND161,IND161,U,no_sex_call
IND162,IND162,M,consistent_available_calls
IND163,IND163,M,consistent_available_calls
IND164,IND164,F,consistent_available_calls
IND165,IND165,U,no_sex_call
IND166,IND166,M,consistent_available_calls
IND167,IND167,M,consistent_available_calls
IND168,IND168,F,consistent_available_calls
IND169,IND169,F,consistent_available_calls
IND170,IND170,F,consistent_available_calls
IND171,IND171,M,consistent_available_calls
IND173,IND173,M,consistent_available_calls
IND174,IND174,U,no_sex_call
IND175,IND175,F,consistent_available_calls
IND176,IND176,M,consistent_available_calls
IND177,IND177,U,no_sex_call
IND178,IND178,F,consistent_available_calls
IND179,IND179,F,consistent_available_calls
IND180,IND180,F,consistent_available_calls
IND181,IND181,U,no_sex_call
IND182,IND182,F,consistent_available_calls
IND184,IND184,F,consistent_available_calls
IND185,IND185,M,consistent_available_calls
IND186,IND186,F,consistent_available_calls
IND187,IND187,F,consistent_available_calls
IND188,IND188,U,no_sex_call
IND190,IND190,M,consistent_available_calls
IND191,IND191,F,consistent_available_calls
IND192,IND192,U,no_sex_call
IND194,IND194,F,consistent_available_calls
IND195,IND195,F,consistent_available_calls
IND196,IND196,F,consistent_available_calls
IND197,IND197,U,no_sex_call
IND198,IND198,F,consistent_available_calls
IND199,IND199,U,no_sex_call
IND200,IND200,F,consistent_available_calls
IND201,IND201,M,consistent_available_calls
IND202,IND202,U,no_sex_call
IND203,IND203,F,consistent_available_calls
IND204,IND204,U,no_sex_call
IND205,IND205,F,consistent_available_calls
IND206,IND206,U,no_sex_call
IND207,IND207,F,consistent_available_calls
IND210,IND210,U,no_sex_call
IND213,IND213,M,consistent_available_calls
IND215,IND215,U,no_sex_call
IND216,IND216,F,consistent_available_calls
IND217,IND217,F,consistent_available_calls
IND218,IND218,U,no_sex_call
IND220,IND220,F,consistent_available_calls
IND221,IND221,M,consistent_available_calls
IND222,IND222,U,no_sex_call
IND223,IND223,F,consistent_available_calls
IND224,IND224,U,no_sex_call
IND225,IND225,F,consistent_available_calls
IND226,IND226,F,consistent_available_calls
IND227,IND227,M,consistent_available_calls
IND229,IND229,U,no_sex_call
IND230,IND230,U,no_sex_call
IND231,IND231,M,consistent_available_calls
IND232,IND232,U,no_sex_call
IND233,IND233,U,no_sex_call
IND234,IND234,U,no_sex_call
IND235,IND235,F,consistent_available_calls
IND236,IND236,U,no_sex_call
IND237,IND237,U,no_sex_call
IND239,IND239,F,consistent_available_calls
IND240,IND240,M,consistent_available_calls
IND241,IND241,U,no_sex_call
IND242,IND242,U,no_sex_call
IND244,IND244,U,no_sex_call
IND247,IND247,U,no_sex_call
IND248,IND248,F,consistent_available_calls
IND249,IND249,U,no_sex_call
IND250,IND250,M,consistent_available_calls
IND251,IND251,M,consistent_available_calls
IND252,IND252,U,no_sex_call
IND253,IND253,F,consistent_available_calls
IND254,IND254,F,consistent_available_calls
IND255,IND255,M,consistent_available_calls
IND256,IND256,U,no_sex_call
IND257,IND257,F,consistent_available_calls
IND258,IND258,F,consistent_available_calls
IND259,IND259,U,no_sex_call
NEW001,NEW001,M,consistent_available_calls
NEW003,NEW003,U,no_sex_call
NEW004,NEW004,F,consistent_available_calls
NEW005,NEW005,F,consistent_available_calls
NEW006,NEW006,M,consistent_available_calls
NEW007,NEW007,M,consistent_available_calls
NEW008,NEW008,F,consistent_available_calls
NEW009,NEW009,M,consistent_available_calls
NEW010,NEW010,M,consistent_available_calls
NEW011,NEW011,U,no_sex_call
NEW012,NEW012,U,no_sex_call
NEW013,NEW013,U,no_sex_call
NEW014,NEW014,F,consistent_available_calls
NEW015,NEW015,U,no_sex_call
NEW016,NEW016,F,consistent_available_calls
