IND_ID,Lab_ID,Sample_ID,Sample,Recapture,Detection_index,N_detections_individual,Individual_recaptured,longitude,latitude,Sex,Sex_status,Sample_sex,Sex_source_match,assignment,Coordinate_source,All_data_Recapture,All_data_Detection_index,.row,.lon,.lat,.id,.occ,col,row,grid_id,.idx,x,y,n_points,.clust,.id_final,.keep,Final_ID,Source_IND_ID
IND001,MT-7044,BRP_FD-01/01,MT-7044,0,1,2,1,89.280678,27.251845,M,consistent_available_calls,NA,lab_ID_not_in_sexing_file,original_pipeline,locations.csv,0,1,1,89.280678,27.251845,IND001,1,33,45,G0501,1,131500,3019500,6,1,IND001,TRUE,IND001,IND001
IND001,MT-7049,BRP_FD-01/06,MT-7049,1,2,2,1,89.265909,27.247739,M,consistent_available_calls,M,matched_sex_call,original_pipeline,locations.csv,1,2,2,89.265909,27.247739,IND001,1,32,45,G0500,2,130500,3019500,8,1,IND001,TRUE,IND001,IND001
IND002,MT-7045,BRP_FD-01/02,MT-7045,0,1,1,0,89.338164,27.241356,F,consistent_available_calls,F,matched_sex_call,original_pipeline,locations.csv,0,1,3,89.338164,27.241356,IND002,1,39,44,G0482,3,137500,3018500,4,1,IND002,TRUE,IND002,IND002
IND003,MT-7046,BRP_FD-01/03,MT-7046,0,1,1,0,89.359394,27.234897,U,no_sex_call,NA,matched_no_sex_call,original_pipeline,locations.csv,0,1,4,89.359394,27.234897,IND003,1,41,43,G0454,4,139500,3017500,5,1,IND003,TRUE,IND003,IND003
IND004,MT-7047,BRP_FD-01/04,MT-7047,0,1,1,0,89.359695,27.234168,F,consistent_available_calls,F,matched_sex_call,original_pipeline,locations.csv,0,1,5,89.359695,27.234168,IND004,1,41,43,G0454,5,139500,3017500,5,1,IND004,TRUE,IND004,IND004
IND005,MT-7048,BRP_FD-01/05,MT-7048,0,1,1,0,89.359903,27.235074,F,consistent_available_calls,F,matched_sex_call,original_pipeline,locations.csv,0,1,6,89.359903,27.235074,IND005,1,41,43,G0454,6,139500,3017500,5,1,IND005,TRUE,IND005,IND005
IND006,MT-7050,BRP_FD-01/07,MT-7050,0,1,1,0,89.265901,27.247698,F,consistent_available_calls,F,matched_sex_call,original_pipeline,locations.csv,0,1,7,89.265901,27.247698,IND006,1,32,45,G0500,7,130500,3019500,8,1,IND006,TRUE,IND006,IND006
IND007,MT-7051,BRP_FD-01/08,MT-7051,0,1,3,1,89.265919,27.247669,U,conflicting_calls,M,matched_sex_call,original_pipeline,locations.csv,0,1,8,89.265919,27.247669,IND007,1,32,45,G0500,8,130500,3019500,8,1,IND007,TRUE,IND007,IND007
IND007,MT-7279,BRP_PA-01/24,MT-7279,1,2,3,1,89.207179,27.155519,U,conflicting_calls,NA,lab_ID_not_in_sexing_file,original_pipeline,locations.csv,1,2,9,89.207179,27.155519,IND007,1,26,35,G0307,9,124500,3009500,2,1,IND007,TRUE,IND007,IND007
IND007,MT-7282,BRP_PA-01/27,MT-7282,1,3,3,1,89.215412,27.211954,U,conflicting_calls,F,matched_sex_call,original_pipeline,locations.csv,1,3,10,89.215412,27.211954,IND007,1,27,41,G0421,10,125500,3015500,5,1,IND007,TRUE,IND007,IND007
IND008,MT-7052,BRP_FD-01/09,MT-7052,0,1,1,0,89.265905,27.247688,F,consistent_available_calls,F,matched_sex_call,original_pipeline,locations.csv,0,1,11,89.265905,27.247688,IND008,1,32,45,G0500,11,130500,3019500,8,1,IND008,TRUE,IND008,IND008
IND009,MT-7058,BRP_FD-01/15,MT-7058,0,1,1,0,89.266821,27.244184,U,no_sex_call,NA,matched_no_sex_call,original_pipeline,locations.csv,0,1,12,89.266821,27.244184,IND009,1,32,45,G0500,12,130500,3019500,8,1,IND009,TRUE,IND009,IND009
IND010,MT-7059,BRP_FD-01/16,MT-7059,0,1,4,1,89.437381,27.539896,U,conflicting_calls,NA,lab_ID_not_in_sexing_file,original_pipeline,locations.csv,0,1,13,89.437381,27.539896,IND010,1,50,77,G1210,13,148500,3051500,2,1,IND010,TRUE,IND010,IND010
IND010,MT-7061,BRP_FD-01/18,MT-7061,1,2,4,1,89.393999,27.497678,U,conflicting_calls,NA,lab_ID_not_in_sexing_file,original_pipeline,locations.csv,1,2,14,89.393999,27.497678,IND010,1,45,72,G1085,14,143500,3046500,1,1,IND010,TRUE,IND010,IND010
IND010,MT-7062,BRP_FD-01/19,MT-7062,1,3,4,1,89.43804,27.54056,U,conflicting_calls,M,matched_sex_call,original_pipeline,locations.csv,1,3,15,89.43804,27.54056,IND010,1,50,77,G1210,15,148500,3051500,2,1,IND010,TRUE,IND010,IND010
IND010,MT-7332,BRP_PA-02/21,MT-7332,1,4,4,1,89.930267,27.72901,U,conflicting_calls,F,matched_sex_call,provisional_exact_attachment,locations.csv,1,4,16,89.930267,27.72901,IND010,1,99,96,G1507,16,197500,3070500,3,2,IND010,TRUE,IND010,IND010
IND011,MT-7060,BRP_FD-01/17,MT-7060,0,1,2,1,89.438226,27.538422,F,consistent_available_calls,NA,lab_ID_not_in_sexing_file,original_pipeline,locations.csv,0,1,17,89.438226,27.538422,IND011,1,50,77,G1210,17,148500,3051500,2,1,IND011,TRUE,IND011,IND011
IND011,MT-7063,BRP_FD-01/20,MT-7063,1,2,2,1,89.394506,27.499608,F,consistent_available_calls,F,matched_sex_call,original_pipeline,locations.csv,1,2,18,89.394506,27.499608,IND011,1,45,72,G1085,18,143500,3046500,1,1,IND011,TRUE,IND011,IND011
IND012,MT-7064,BRP_FD-01/21,MT-7064,0,1,1,0,89.33836,27.421783,F,consistent_available_calls,F,matched_sex_call,original_pipeline,locations.csv,0,1,19,89.33836,27.421783,IND012,1,39,64,G0858,19,137500,3038500,4,1,IND012,TRUE,IND012,IND012
IND013,MT-7065,BRP_FD-01/22,MT-7065,0,1,2,1,89.437255,27.540198,M,consistent_available_calls,NA,lab_ID_not_in_sexing_file,original_pipeline,locations.csv,0,1,20,89.437255,27.540198,IND013,1,50,77,G1210,20,148500,3051500,2,1,IND013,TRUE,IND013,IND013
IND013,MT-7068,BRP_FD-01/25,MT-7068,1,2,2,1,89.398919,27.51049,M,consistent_available_calls,M,matched_sex_call,original_pipeline,locations.csv,1,2,21,89.398919,27.51049,IND013,1,46,74,G1155,21,144500,3048500,3,1,IND013,TRUE,IND013,IND013
IND014,MT-7066,BRP_FD-01/23,MT-7066,0,1,1,0,89.401078,27.512166,U,no_sex_call,NA,matched_no_sex_call,original_pipeline,locations.csv,0,1,22,89.401078,27.512166,IND014,1,46,74,G1155,22,144500,3048500,3,1,IND014,TRUE,IND014,IND014
IND015,MT-7069,BRP_FD-02/01,MT-7069,0,1,1,0,89.286204,27.022138,F,consistent_available_calls,F,matched_sex_call,original_pipeline,locations.csv,0,1,23,89.286204,27.022138,IND015,1,33,20,G0050,23,131500,2994500,8,1,IND015,TRUE,IND015,IND015
IND016,MT-7071,BRP_FD-03/02,MT-7071,0,1,2,1,89.653913,27.063511,F,consistent_available_calls,NA,lab_ID_not_in_sexing_file,original_pipeline,locations.csv,0,1,24,89.653913,27.063511,IND016,1,70,23,G0125,24,168500,2997500,6,1,IND016,TRUE,IND016,IND016
IND016,MT-7076,BRP_FD-03/07,MT-7076,1,2,2,1,89.496166,27.139221,F,consistent_available_calls,F,matched_sex_call,original_pipeline,locations.csv,1,2,25,89.496166,27.139221,IND016,1,54,32,G0236,25,152500,3006500,3,2,IND016,TRUE,IND016,IND016
IND017,MT-7072,BRP_FD-03/03,MT-7072,0,1,2,1,89.545076,26.9932,U,no_sex_call,NA,lab_ID_not_in_sexing_file,original_pipeline,locations.csv,0,1,26,89.545076,26.9932,IND017,1,59,16,G0028,26,157500,2990500,2,1,IND017,TRUE,IND017,IND017
IND017,MT-7079,BRP_FD-03/10,MT-7079,1,2,2,1,89.518795,26.96815,U,no_sex_call,NA,matched_no_sex_call,original_pipeline,locations.csv,1,2,27,89.518795,26.96815,IND017,1,56,13,G0018,27,154500,2987500,2,1,IND017,TRUE,IND017,IND017
IND018,MT-7073,BRP_FD-03/04,MT-7073,0,1,3,1,89.518683,27.018611,U,no_sex_call,NA,lab_ID_not_in_sexing_file,original_pipeline,locations.csv,0,1,28,89.518683,27.018611,IND018,1,56,19,G0039,28,154500,2993500,7,1,IND018,TRUE,IND018,IND018
IND018,MT-7075,BRP_FD-03/06,MT-7075,1,3,3,1,89.614787,27.060753,U,no_sex_call,NA,matched_no_sex_call,original_pipeline,locations.csv,1,3,30,89.614787,27.060753,IND018,1,66,23,G0121,29,164500,2997500,5,2,IND018,TRUE,IND018,IND018
IND019,MT-7077,BRP_FD-03/08,MT-7077,0,1,1,0,89.682227,26.89844,F,consistent_available_calls,F,matched_sex_call,original_pipeline,locations.csv,0,1,31,89.682227,26.89844,IND019,1,72,5,G0008,30,170500,2979500,4,1,IND019,TRUE,IND019,IND019
IND021,MT-7082,BRP_FD-03/13,MT-7082,0,1,1,0,89.520458,27.011376,F,consistent_available_calls,F,matched_sex_call,original_pipeline,locations.csv,0,1,33,89.520458,27.011376,IND021,1,56,18,G0035,31,154500,2992500,2,1,IND021,TRUE,IND021,IND021
IND022,MT-7084,BRP_FD-03/15,MT-7084,0,1,1,0,89.503236,27.143241,F,consistent_available_calls,F,matched_sex_call,original_pipeline,locations.csv,0,1,34,89.503236,27.143241,IND022,1,55,33,G0266,32,153500,3007500,3,1,IND022,TRUE,IND022,IND022
IND023,MT-7086,BRP_FD-03/17,MT-7086,0,1,1,0,89.653866,27.063575,M,consistent_available_calls,M,matched_sex_call,original_pipeline,locations.csv,0,1,35,89.653866,27.063575,IND023,1,70,23,G0125,33,168500,2997500,6,1,IND023,TRUE,IND023,IND023
IND024,MT-7088,BRP_FD-03/19,MT-7088,0,1,1,0,89.574115,27.134718,F,consistent_available_calls,F,matched_sex_call,original_pipeline,locations.csv,0,1,36,89.574115,27.134718,IND024,1,62,31,G0226,34,160500,3005500,3,1,IND024,TRUE,IND024,IND024
IND025,MT-7090,BRP_FD-03/21,MT-7090,0,1,2,1,89.574115,27.134718,F,consistent_available_calls,NA,lab_ID_not_in_sexing_file,original_pipeline,locations.csv,0,1,37,89.574115,27.134718,IND025,1,62,31,G0226,35,160500,3005500,3,1,IND025,TRUE,IND025,IND025
IND025,MT-7094,BRP_FD-03/25,MT-7094,1,2,2,1,89.544123,26.992582,F,consistent_available_calls,F,matched_sex_call,original_pipeline,locations.csv,1,2,38,89.544123,26.992582,IND025,1,58,16,G0027,36,156500,2990500,3,2,IND025,TRUE,IND025,IND025
IND026,MT-7091,BRP_FD-03/22,MT-7091,0,1,1,0,89.520075,27.022303,M,consistent_available_calls,M,matched_sex_call,original_pipeline,locations.csv,0,1,39,89.520075,27.022303,IND026,1,56,19,G0039,37,154500,2993500,7,1,IND026,TRUE,IND026,IND026
IND027,MT-7092,BRP_FD-03/23,MT-7092,0,1,1,0,89.614787,27.060753,F,consistent_available_calls,F,matched_sex_call,original_pipeline,locations.csv,0,1,40,89.614787,27.060753,IND027,1,66,23,G0121,38,164500,2997500,5,1,IND027,TRUE,IND027,IND027
IND028,MT-7095,BRP_FD-03/26,MT-7095,0,1,1,0,89.518683,27.018611,M,consistent_available_calls,M,matched_sex_call,original_pipeline,locations.csv,0,1,41,89.518683,27.018611,IND028,1,56,19,G0039,39,154500,2993500,7,1,IND028,TRUE,IND028,IND028
IND029,MT-7096,BRP_FD-04/01,MT-7096,0,1,1,0,89.713072,27.40915,U,no_sex_call,NA,matched_no_sex_call,original_pipeline,locations.csv,0,1,42,89.713072,27.40915,IND029,1,76,62,G0825,40,174500,3036500,2,1,IND029,TRUE,IND029,IND029
IND030,MT-7097,BRP_FD-04/02,MT-7097,0,1,3,1,89.675839,27.368717,M,consistent_available_calls,NA,lab_ID_not_in_sexing_file,original_pipeline,locations.csv,0,1,43,89.675839,27.368717,IND030,1,73,57,G0693,41,171500,3031500,2,1,IND030,TRUE,IND030,IND030
IND030,MT-7098,BRP_FD-04/03,MT-7098,1,2,3,1,89.570776,27.516358,M,consistent_available_calls,NA,lab_ID_not_in_sexing_file,original_pipeline,locations.csv,1,2,44,89.570776,27.516358,IND030,1,63,74,G1159,42,161500,3048500,5,2,IND030,TRUE,IND030,IND030
IND030,MT-7100,BRP_FD-04/05,MT-7100,1,3,3,1,89.503509,27.484764,M,consistent_available_calls,M,matched_sex_call,original_pipeline,locations.csv,1,3,45,89.503509,27.484764,IND030,1,56,70,G1031,43,154500,3044500,6,2,IND030,TRUE,IND030,IND030
IND031,MT-7101,BRP_FD-04/06,MT-7101,0,1,1,0,89.621991,27.373353,F,consistent_available_calls,F,matched_sex_call,original_pipeline,locations.csv,0,1,46,89.621991,27.373353,IND031,1,67,58,G0713,44,165500,3032500,16,1,IND031,TRUE,IND031,IND031
IND032,MT-7102,BRP_FD-04/07,MT-7102,0,1,2,1,89.601331,27.268919,F,consistent_available_calls,NA,lab_ID_not_in_sexing_file,original_pipeline,locations.csv,0,1,47,89.601331,27.268919,IND032,1,65,46,G0531,45,163500,3020500,6,1,IND032,TRUE,IND032,IND032
IND032,MT-7104,BRP_FD-04/09,MT-7104,1,2,2,1,89.503622,27.484922,F,consistent_available_calls,F,matched_sex_call,original_pipeline,locations.csv,1,2,48,89.503622,27.484922,IND032,1,56,71,G1056,46,154500,3045500,14,2,IND032,TRUE,IND032,IND032
IND033,MT-7103,BRP_FD-04/08,MT-7103,0,1,1,0,89.505724,27.486771,U,no_sex_call,NA,matched_no_sex_call,original_pipeline,locations.csv,0,1,49,89.505724,27.486771,IND033,1,56,71,G1056,47,154500,3045500,14,1,IND033,TRUE,IND033,IND033
IND034,MT-7106,BRP_FD-04/11,MT-7106,0,1,1,0,89.503122,27.483568000000002,M,consistent_available_calls,M,matched_sex_call,original_pipeline,locations.csv,0,1,50,89.503122,27.483568000000002,IND034,1,56,70,G1031,48,154500,3044500,6,1,IND034,TRUE,IND034,IND034
IND035,MT-7107,BRP_FD-04/12,MT-7107,0,1,1,0,89.505217,27.485997,U,no_sex_call,NA,matched_no_sex_call,original_pipeline,locations.csv,0,1,51,89.505217,27.485997,IND035,1,56,71,G1056,49,154500,3045500,14,1,IND035,TRUE,IND035,IND035
IND036,MT-7108,BRP_FD-04/13,MT-7108,0,1,1,0,89.50376,27.485198,M,consistent_available_calls,M,matched_sex_call,original_pipeline,locations.csv,0,1,52,89.50376,27.485198,IND036,1,56,71,G1056,50,154500,3045500,14,1,IND036,TRUE,IND036,IND036
IND037,MT-7109,BRP_FD-04/14,MT-7109,0,1,1,0,89.707196,27.387266,F,consistent_available_calls,F,matched_sex_call,original_pipeline,locations.csv,0,1,53,89.707196,27.387266,IND037,1,76,59,G0739,51,174500,3033500,2,1,IND037,TRUE,IND037,IND037
IND038,MT-7111,BRP_FD-05/2,MT-7111,0,1,2,1,89.74876,27.4936,F,consistent_available_calls,NA,lab_ID_not_in_sexing_file,original_pipeline,locations.csv,0,1,54,89.74876,27.4936,IND038,1,80,71,G1060,52,178500,3045500,3,1,IND038,TRUE,IND038,IND038
IND038,MT-7112,BRP_FD-05/3,MT-7112,1,2,2,1,90.00041,27.59951,F,consistent_available_calls,F,matched_sex_call,original_pipeline,locations.csv,1,2,55,90.00041,27.59951,IND038,1,105,82,G1311,53,203500,3056500,4,2,IND038,TRUE,IND038,IND038
IND039,MT-7113,BRP_FD-05/4,MT-7113,0,1,1,0,90.1311,27.47636,U,no_sex_call,NA,matched_no_sex_call,original_pipeline,locations.csv,0,1,56,90.1311,27.47636,IND039,1,118,68,G0992,54,216500,3042500,4,1,IND039,TRUE,IND039,IND039
IND040,MT-7114,BRP_FD-05/5,MT-7114,0,1,2,1,90.24973,27.420733,U,no_sex_call,NA,lab_ID_not_in_sexing_file,original_pipeline,locations.csv,0,1,57,90.24973,27.420733,IND040,1,130,62,G0831,55,228500,3036500,5,1,IND040,TRUE,IND040,IND040
IND040,MT-7117,BRP_FD-05/8,MT-7117,1,2,2,1,90.119675,27.41482,U,no_sex_call,NA,matched_no_sex_call,original_pipeline,locations.csv,1,2,58,90.119675,27.41482,IND040,1,117,61,G0810,56,215500,3035500,8,2,IND040,TRUE,IND040,IND040
IND041,MT-7115,BRP_FD-05/6,MT-7115,0,1,1,0,90.21366,27.51743,M,consistent_available_calls,M,matched_sex_call,original_pipeline,locations.csv,0,1,59,90.21366,27.51743,IND041,1,126,72,G1095,57,224500,3046500,3,1,IND041,TRUE,IND041,IND041
IND042,MT-7116,BRP_FD-05/7,MT-7116,0,1,1,0,90.1311,27.47362,M,consistent_available_calls,M,matched_sex_call,original_pipeline,locations.csv,0,1,60,90.1311,27.47362,IND042,1,118,68,G0992,58,216500,3042500,4,1,IND042,TRUE,IND042,IND042
IND043,MT-7118,BRP_FD-05/9,MT-7118,0,1,1,0,89.7602649,27.567573,F,consistent_available_calls,F,matched_sex_call,original_pipeline,locations.csv,0,1,61,89.7602649,27.567573,IND043,1,82,79,G1239,59,180500,3053500,4,1,IND043,TRUE,IND043,IND043
IND044,MT-7119,BRP_FD-05/10,MT-7119,0,1,1,0,90.1236308,27.450628,F,consistent_available_calls,F,matched_sex_call,original_pipeline,locations.csv,0,1,62,90.1236308,27.450628,IND044,1,117,65,G0909,60,215500,3039500,2,1,IND044,TRUE,IND044,IND044
IND045,MT-7120,BRP_FD-05/11,MT-7120,0,1,1,0,90.20002,27.52225,M,consistent_available_calls,M,matched_sex_call,original_pipeline,locations.csv,0,1,63,90.20002,27.52225,IND045,1,125,73,G1122,61,223500,3047500,1,1,IND045,TRUE,IND045,IND045
IND046,MT-7121,BRP_FD-05/12,MT-7121,0,1,2,1,90.22228,27.63048,F,consistent_available_calls,NA,lab_ID_not_in_sexing_file,original_pipeline,locations.csv,0,1,64,90.22228,27.63048,IND046,1,127,85,G1383,62,225500,3059500,1,1,IND046,TRUE,IND046,IND046
IND046,MT-7125,BRP_FD-05/16,MT-7125,1,2,2,1,90.2751895,27.440389,F,consistent_available_calls,F,matched_sex_call,original_pipeline,locations.csv,1,2,65,90.2751895,27.440389,IND046,1,132,64,G0872,63,230500,3038500,5,2,IND046,TRUE,IND046,IND046
IND047,MT-7122,BRP_FD-05/13,MT-7122,0,1,1,0,90.1423,27.61789,U,no_sex_call,NA,matched_no_sex_call,original_pipeline,locations.csv,0,1,66,90.1423,27.61789,IND047,1,119,84,G1356,64,217500,3058500,1,1,IND047,TRUE,IND047,IND047
IND048,MT-7123,BRP_FD-05/14,MT-7123,0,1,1,0,90.2002,27.52291,U,no_sex_call,NA,matched_no_sex_call,original_pipeline,locations.csv,0,1,67,90.2002,27.52291,IND048,1,125,73,G1122,65,223500,3047500,1,1,IND048,TRUE,IND048,IND048
IND049,MT-7124,BRP_FD-05/15,MT-7124,0,1,1,0,90.119575,27.41482,M,consistent_available_calls,M,matched_sex_call,original_pipeline,locations.csv,0,1,68,90.119575,27.41482,IND049,1,117,61,G0810,66,215500,3035500,8,1,IND049,TRUE,IND049,IND049
IND050,MT-7126,BRP_FD-05/17,MT-7126,0,1,1,0,90.231215,27.486447,M,consistent_available_calls,M,matched_sex_call,original_pipeline,locations.csv,0,1,69,90.231215,27.486447,IND050,1,128,69,G1020,67,226500,3043500,3,1,IND050,TRUE,IND050,IND050
IND052,MT-7128,BRP_FD-05/19,MT-7128,0,1,1,0,90.0752248,27.398405,M,consistent_available_calls,M,matched_sex_call,original_pipeline,locations.csv,0,1,71,90.0752248,27.398405,IND052,1,112,59,G0743,68,210500,3033500,6,1,IND052,TRUE,IND052,IND052
IND053,MT-7130,BRP_FD-05/21,MT-7130,0,1,2,1,89.7925572,27.488976,F,consistent_available_calls,NA,lab_ID_not_in_sexing_file,original_pipeline,locations.csv,0,1,72,89.7925572,27.488976,IND053,1,85,70,G1035,69,183500,3044500,3,1,IND053,TRUE,IND053,IND053
IND053,MT-7131,BRP_FD-05/22,MT-7131,1,2,2,1,89.7548734,27.482022,F,consistent_available_calls,F,matched_sex_call,original_pipeline,locations.csv,1,2,73,89.7548734,27.482022,IND053,1,81,70,G1034,70,179500,3044500,10,1,IND053,TRUE,IND053,IND053
IND054,MT-7132,BRP_FD-05/23,MT-7132,0,1,1,0,90.1197367,27.414323,U,no_sex_call,NA,matched_no_sex_call,original_pipeline,locations.csv,0,1,74,90.1197367,27.414323,IND054,1,117,61,G0810,71,215500,3035500,8,1,IND054,TRUE,IND054,IND054
IND055,MT-7133,BRP_FD-05/24,MT-7133,0,1,1,0,90.2359,27.63328,U,no_sex_call,NA,matched_no_sex_call,original_pipeline,locations.csv,0,1,75,90.2359,27.63328,IND055,1,129,85,G1385,72,227500,3059500,1,1,IND055,TRUE,IND055,IND055
IND056,MT-7134,BRP_FD-05/25,MT-7134,0,1,1,0,90.12341,27.45082,M,consistent_available_calls,M,matched_sex_call,original_pipeline,locations.csv,0,1,76,90.12341,27.45082,IND056,1,117,65,G0909,73,215500,3039500,2,1,IND056,TRUE,IND056,IND056
IND057,MT-7138,BRP_FD-05/29,MT-7138,0,1,1,0,90.1285183,27.477908,F,consistent_available_calls,F,matched_sex_call,original_pipeline,locations.csv,0,1,77,90.1285183,27.477908,IND057,1,118,68,G0992,74,216500,3042500,4,1,IND057,TRUE,IND057,IND057
IND058,MT-7139,BRP_FD-05/30,MT-7139,0,1,2,1,90.14212,27.61815,U,no_sex_call,NA,lab_ID_not_in_sexing_file,original_pipeline,locations.csv,0,1,78,90.14212,27.61815,IND058,1,119,84,G1356,75,217500,3058500,1,1,IND058,TRUE,IND058,IND058
IND058,MT-7144,BRP_FD-05/35,MT-7144,1,2,2,1,90.27052,27.4388,U,no_sex_call,NA,matched_no_sex_call,original_pipeline,locations.csv,1,2,79,90.27052,27.4388,IND058,1,132,64,G0872,76,230500,3038500,5,2,IND058,TRUE,IND058,IND058
IND059,MT-7140,BRP_FD-05/31,MT-7140,0,1,2,1,90.1309883,27.476368,M,consistent_available_calls,NA,lab_ID_not_in_sexing_file,original_pipeline,locations.csv,0,1,80,90.1309883,27.476368,IND059,1,118,68,G0992,77,216500,3042500,4,1,IND059,TRUE,IND059,IND059
IND059,MT-7145,BRP_FD-05/36,MT-7145,1,2,2,1,90.229146,27.58616,M,consistent_available_calls,M,matched_sex_call,original_pipeline,locations.csv,1,2,81,90.229146,27.58616,IND059,1,128,80,G1260,78,226500,3054500,5,2,IND059,TRUE,IND059,IND059
IND060,MT-7141,BRP_FD-05/32,MT-7141,0,1,1,0,90.2703709,27.439274,M,consistent_available_calls,M,matched_sex_call,original_pipeline,locations.csv,0,1,82,90.2703709,27.439274,IND060,1,132,64,G0872,79,230500,3038500,5,1,IND060,TRUE,IND060,IND060
IND061,MT-7142,BRP_FD-05/33,MT-7142,0,1,1,0,90.2451161,27.464295,U,no_sex_call,NA,matched_no_sex_call,original_pipeline,locations.csv,0,1,83,90.2451161,27.464295,IND061,1,129,66,G0949,80,227500,3040500,3,1,IND061,TRUE,IND061,IND061
IND062,MT-7148,BRP_FD-05/39,MT-7148,0,1,2,1,90.14212,27.61782,U,no_sex_call,NA,lab_ID_not_in_sexing_file,original_pipeline,locations.csv,0,1,84,90.14212,27.61782,IND062,1,119,84,G1356,81,217500,3058500,1,1,IND062,TRUE,IND062,IND062
IND062,MT-7152,BRP_FD-05/43,MT-7152,1,2,2,1,90.160385,27.438455,U,no_sex_call,NA,matched_no_sex_call,original_pipeline,locations.csv,1,2,85,90.160385,27.438455,IND062,1,121,64,G0869,82,219500,3038500,4,2,IND062,TRUE,IND062,IND062
IND063,MT-7149,BRP_FD-05/40,MT-7149,0,1,1,0,90.21443,27.46203,M,consistent_available_calls,M,matched_sex_call,original_pipeline,locations.csv,0,1,86,90.21443,27.46203,IND063,1,126,66,G0948,83,224500,3040500,2,1,IND063,TRUE,IND063,IND063
IND064,MT-7150,BRP_FD-05/41,MT-7150,0,1,1,0,90.2068615,27.459975,F,consistent_available_calls,F,matched_sex_call,original_pipeline,locations.csv,0,1,87,90.2068615,27.459975,IND064,1,125,66,G0947,84,223500,3040500,1,1,IND064,TRUE,IND064,IND064
IND065,MT-7151,BRP_FD-05/42,MT-7151,0,1,1,0,90.07487,27.3883,M,consistent_available_calls,M,matched_sex_call,original_pipeline,locations.csv,0,1,88,90.07487,27.3883,IND065,1,112,58,G0718,85,210500,3032500,2,1,IND065,TRUE,IND065,IND065
IND066,MT-7153,BRP_FD-06/01,MT-7153,0,1,1,0,89.776433,27.005627,M,consistent_available_calls,M,matched_sex_call,original_pipeline,locations.csv,0,1,89,89.776433,27.005627,IND066,1,82,17,G0034,86,180500,2991500,3,1,IND066,TRUE,IND066,IND066
IND067,MT-7154,BRP_FD-06/02,MT-7154,0,1,2,1,89.776397,27.00559,F,consistent_available_calls,NA,lab_ID_not_in_sexing_file,original_pipeline,locations.csv,0,1,90,89.776397,27.00559,IND067,1,82,17,G0034,87,180500,2991500,3,1,IND067,TRUE,IND067,IND067
IND067,MT-7157,BRP_FD-06/05,MT-7157,1,2,2,1,89.776397,27.005559,F,consistent_available_calls,F,matched_sex_call,original_pipeline,locations.csv,1,2,91,89.776397,27.005559,IND067,1,82,17,G0034,88,180500,2991500,3,1,IND067,TRUE,IND067,IND067
IND068,MT-7162,BRP_FD-06/10,MT-7162,0,1,2,1,89.75767,27.03146,F,consistent_available_calls,NA,lab_ID_not_in_sexing_file,original_pipeline,locations.csv,1,2,92,89.75767,27.03146,IND068,1,80,20,G0055,89,178500,2994500,2,1,IND068,TRUE,IND068,IND068
IND068,MT-7166,BRP_FD-06/14,MT-7166,1,2,2,1,89.750733,27.034179,F,consistent_available_calls,F,matched_sex_call,original_pipeline,locations.csv,1,3,93,89.750733,27.034179,IND068,1,79,20,G0054,90,177500,2994500,6,1,IND068,TRUE,IND068,IND068
IND069,MT-7158,BRP_FD-06/06,MT-7158,0,1,1,0,89.771313,27.000622,M,consistent_available_calls,M,matched_sex_call,original_pipeline,locations.csv,0,1,94,89.771313,27.000622,IND069,1,81,16,G0029,91,179500,2990500,6,1,IND069,TRUE,IND069,IND069
IND070,MT-7160,BRP_FD-06/08,MT-7160,0,1,1,0,89.714731,27.084783,U,no_sex_call,NA,matched_no_sex_call,original_pipeline,locations.csv,0,1,95,89.714731,27.084783,IND070,1,76,26,G0169,92,174500,3000500,2,1,IND070,TRUE,IND070,IND070
IND071,MT-7163,BRP_FD-06/11,MT-7163,0,1,1,0,89.79063,27.14722,M,consistent_available_calls,M,matched_sex_call,original_pipeline,locations.csv,0,1,96,89.79063,27.14722,IND071,1,83,32,G0241,93,181500,3006500,2,1,IND071,TRUE,IND071,IND071
IND072,MT-7165,BRP_FD-06/13,MT-7165,0,1,1,0,89.776397,27.005559,M,consistent_available_calls,M,matched_sex_call,original_pipeline,locations.csv,0,1,97,89.776397,27.005559,IND072,1,82,17,G0034,94,180500,2991500,3,1,IND072,TRUE,IND072,IND072
IND073,MT-7167,BRP_FD-06/15,MT-7167,0,1,1,0,89.777563,27.004634,U,no_sex_call,NA,matched_no_sex_call,original_pipeline,locations.csv,0,1,98,89.777563,27.004634,IND073,1,82,17,G0034,95,180500,2991500,3,1,IND073,TRUE,IND073,IND073
IND074,MT-7168,BRP_FD-06/16,MT-7168,0,1,1,0,89.71533,27.075267,F,consistent_available_calls,F,matched_sex_call,original_pipeline,locations.csv,0,1,99,89.71533,27.075267,IND074,1,76,25,G0159,96,174500,2999500,5,1,IND074,TRUE,IND074,IND074
IND075,MT-7169,BRP_FD-06/17,MT-7169,0,1,1,0,89.813098,27.216375,M,consistent_available_calls,M,matched_sex_call,original_pipeline,locations.csv,0,1,100,89.813098,27.216375,IND075,1,86,40,G0407,97,184500,3014500,3,1,IND075,TRUE,IND075,IND075
IND076,MT-7170,BRP_FD-06/18,MT-7170,0,1,1,0,89.8113098,27.216375,F,consistent_available_calls,F,matched_sex_call,original_pipeline,locations.csv,0,1,101,89.8113098,27.216375,IND076,1,86,40,G0407,98,184500,3014500,3,1,IND076,TRUE,IND076,IND076
IND077,MT-7171,BRP_FD-06/19,MT-7171,0,1,2,1,89.7577783,27.182423,M,consistent_available_calls,NA,lab_ID_not_in_sexing_file,original_pipeline,locations.csv,0,1,102,89.7577783,27.182423,IND077,1,80,36,G0316,99,178500,3010500,3,1,IND077,TRUE,IND077,IND077
IND077,MT-7175,BRP_FD-06/23,MT-7175,1,2,2,1,89.813142,27.216362,M,consistent_available_calls,M,matched_sex_call,original_pipeline,locations.csv,1,2,103,89.813142,27.216362,IND077,1,86,40,G0407,100,184500,3014500,3,1,IND077,TRUE,IND077,IND077
IND078,MT-7174,BRP_FD-06/22,MT-7174,0,1,1,0,89.8249733,27.113677,F,consistent_available_calls,F,matched_sex_call,original_pipeline,locations.csv,0,1,104,89.8249733,27.113677,IND078,1,87,29,G0206,101,185500,3003500,1,1,IND078,TRUE,IND078,IND078
IND079,MT-7176,BRP_FD-06/24,MT-7176,0,1,1,0,89.7577267,27.182422,U,no_sex_call,NA,matched_no_sex_call,original_pipeline,locations.csv,0,1,105,89.7577267,27.182422,IND079,1,80,36,G0316,102,178500,3010500,3,1,IND079,TRUE,IND079,IND079
IND080,MT-7177,BRP_FD-06/25,MT-7177,0,1,1,0,89.891327,27.19166,F,consistent_available_calls,F,matched_sex_call,original_pipeline,"Red_panda_samples_final.xlsx: Dagana, row 29",0,1,106,89.891327,27.19166,IND080,1,94,37,G0331,103,192500,3011500,1,1,IND080,TRUE,IND080,IND080
IND082,MT-7181,BRP_FD-07/03,MT-7181,1,2,2,1,90.867815,27.589842,F,consistent_available_calls,F,matched_sex_call,original_pipeline,locations.csv,1,2,109,90.867815,27.589842,IND082,1,191,79,G1249,104,289500,3053500,2,1,IND082,TRUE,IND082,IND082
IND083,MT-7184,BRP_FD-07/06,MT-7184,0,1,1,0,90.707098,27.552285,U,no_sex_call,NA,matched_no_sex_call,original_pipeline,locations.csv,0,1,110,90.707098,27.552285,IND083,1,175,75,G1190,105,273500,3049500,6,1,IND083,TRUE,IND083,IND083
IND084,MT-7185,BRP_FD-07/07,MT-7185,0,1,1,0,90.718827,27.532512,M,consistent_available_calls,M,matched_sex_call,original_pipeline,locations.csv,0,1,111,90.718827,27.532512,IND084,1,176,73,G1145,106,274500,3047500,5,1,IND084,TRUE,IND084,IND084
IND085,MT-7186,BRP_FD-07/08,MT-7186,0,1,1,0,90.9727908,27.627297,F,consistent_available_calls,F,matched_sex_call,original_pipeline,locations.csv,0,1,112,90.9727908,27.627297,IND085,1,201,83,G1347,107,299500,3057500,1,1,IND085,TRUE,IND085,IND085
IND087,MT-7189,BRP_FD-07/11,MT-7189,0,1,3,1,90.61585,27.595214,U,no_sex_call,NA,lab_ID_not_in_sexing_file,original_pipeline,locations.csv,0,1,114,90.61585,27.595214,IND087,1,166,80,G1263,108,264500,3054500,22,1,IND087,TRUE,IND087,IND087
IND087,MT-7190,BRP_FD-07/12,MT-7190,1,2,3,1,90.5338269,27.532803,U,no_sex_call,NA,lab_ID_not_in_sexing_file,original_pipeline,locations.csv,1,2,115,90.5338269,27.532803,IND087,1,158,73,G1137,109,256500,3047500,5,2,IND087,TRUE,IND087,IND087
IND087,MT-7192,BRP_FD-07/14,MT-7192,1,3,3,1,90.888497,27.581608,U,no_sex_call,NA,matched_no_sex_call,original_pipeline,locations.csv,1,3,116,90.888497,27.581608,IND087,1,193,78,G1234,110,291500,3052500,1,3,IND087,TRUE,IND087,IND087
IND090,MT-7195,BRP_FD-07/17,MT-7195,0,1,1,0,90.6321767,27.548552,U,no_sex_call,NA,matched_no_sex_call,original_pipeline,locations.csv,0,1,120,90.6321767,27.548552,IND090,1,168,75,G1187,111,266500,3049500,4,1,IND090,TRUE,IND090,IND090
IND091,MT-7200,BRP_FD-08/4,MT-7200,0,1,3,1,91.024306,27.22366,U,no_sex_call,NA,lab_ID_not_in_sexing_file,original_pipeline,locations.csv,0,1,121,91.024306,27.22366,IND091,1,206,38,G0357,112,304500,3012500,4,1,IND091,TRUE,IND091,IND091
IND091,MT-7201,BRP_FD-08/5,MT-7201,1,2,3,1,91.02304,27.22697,U,no_sex_call,NA,lab_ID_not_in_sexing_file,original_pipeline,locations.csv,1,2,122,91.02304,27.22697,IND091,1,206,39,G0386,113,304500,3013500,2,1,IND091,TRUE,IND091,IND091
IND091,MT-7204,BRP_FD-09/03,MT-7204,1,3,3,1,91.271869,27.784273,U,no_sex_call,NA,lab_ID_not_in_sexing_file,original_pipeline,locations.csv,1,3,123,91.271869,27.784273,IND091,1,231,100,G1549,114,329500,3074500,8,2,IND091,TRUE,IND091,IND091
IND092,MT-7203,BRP_FD-09/02,MT-7203,0,1,1,0,91.269928,27.781464,F,consistent_available_calls,NA,lab_ID_not_in_sexing_file,original_pipeline,locations.csv,0,1,124,91.269928,27.781464,IND092,1,231,100,G1549,115,329500,3074500,8,1,IND092,TRUE,IND092,IND092
IND093,MT-7212,BRP_FD-09/11,MT-7212,0,1,1,0,91.270105,27.784759,U,no_sex_call,NA,matched_no_sex_call,original_pipeline,locations.csv,0,1,125,91.270105,27.784759,IND093,1,231,100,G1549,116,329500,3074500,8,1,IND093,TRUE,IND093,IND093
IND094,MT-7213,BRP_FD-10/01,MT-7213,0,1,2,1,91.8141226,27.082165,F,consistent_available_calls,NA,lab_ID_not_in_sexing_file,original_pipeline,locations.csv,0,1,126,91.8141226,27.082165,IND094,1,284,22,G0112,117,382500,2996500,4,1,IND094,TRUE,IND094,IND094
IND094,MT-7216,BRP_FD-10/04,MT-7216,1,2,2,1,91.55158,27.58198,F,consistent_available_calls,F,matched_sex_call,original_pipeline,locations.csv,1,2,127,91.55158,27.58198,IND094,1,259,77,G1224,118,357500,3051500,3,2,IND094,TRUE,IND094,IND094
IND095,MT-7214,BRP_FD-10/02,MT-7214,0,1,1,0,91.5498,27.58175,F,consistent_available_calls,F,matched_sex_call,original_pipeline,locations.csv,0,1,128,91.5498,27.58175,IND095,1,258,77,G1223,119,356500,3051500,8,1,IND095,TRUE,IND095,IND095
IND096,MT-7215,BRP_FD-10/03,MT-7215,0,1,1,0,91.556013,27.616527,M,consistent_available_calls,M,matched_sex_call,original_pipeline,locations.csv,0,1,129,91.556013,27.616527,IND096,1,259,81,G1308,120,357500,3055500,9,1,IND096,TRUE,IND096,IND096
IND097,MT-7217,BRP_FD-10/05,MT-7217,0,1,5,1,91.551589,27.625809,U,no_sex_call,NA,lab_ID_not_in_sexing_file,original_pipeline,locations.csv,0,1,130,91.551589,27.625809,IND097,1,259,82,G1333,121,357500,3056500,5,1,IND097,TRUE,IND097,IND097
IND097,MT-7218,BRP_FD-10/06,MT-7218,1,2,5,1,91.3990006,27.52175,U,no_sex_call,NA,lab_ID_not_in_sexing_file,original_pipeline,locations.csv,1,2,131,91.3990006,27.52175,IND097,1,243,71,G1078,122,341500,3045500,2,2,IND097,TRUE,IND097,IND097
IND097,MT-7219,BRP_FD-10/07,MT-7219,1,3,5,1,91.4267088,27.5427,U,no_sex_call,NA,lab_ID_not_in_sexing_file,original_pipeline,locations.csv,1,3,132,91.4267088,27.5427,IND097,1,246,73,G1151,123,344500,3047500,6,2,IND097,TRUE,IND097,IND097
IND097,MT-7221,BRP_FD-10/09,MT-7221,1,4,5,1,91.556401,27.615575,U,no_sex_call,NA,lab_ID_not_in_sexing_file,original_pipeline,locations.csv,1,4,133,91.556401,27.615575,IND097,1,259,81,G1308,124,357500,3055500,9,1,IND097,TRUE,IND097,IND097
IND097,MT-7225,BRP_FD-10/13,MT-7225,1,5,5,1,91.55186,27.62581,U,no_sex_call,NA,matched_no_sex_call,original_pipeline,locations.csv,1,5,134,91.55186,27.62581,IND097,1,259,82,G1333,125,357500,3056500,5,1,IND097,TRUE,IND097,IND097
IND098,MT-7220,BRP_FD-10/08,MT-7220,0,1,1,0,91.55586,27.61659,F,consistent_available_calls,F,matched_sex_call,original_pipeline,locations.csv,0,1,135,91.55586,27.61659,IND098,1,259,81,G1308,126,357500,3055500,9,1,IND098,TRUE,IND098,IND098
IND099,MT-7222,BRP_FD-10/10,MT-7222,0,1,1,0,91.605363,27.22893,M,consistent_available_calls,M,matched_sex_call,original_pipeline,locations.csv,0,1,136,91.605363,27.22893,IND099,1,263,38,G0359,127,361500,3012500,6,1,IND099,TRUE,IND099,IND099
IND100,MT-7223,BRP_FD-10/11,MT-7223,0,1,1,0,91.4031919,27.523672,F,consistent_available_calls,F,matched_sex_call,original_pipeline,locations.csv,0,1,137,91.4031919,27.523672,IND100,1,244,71,G1079,128,342500,3045500,4,1,IND100,TRUE,IND100,IND100
IND101,MT-7228,BRP_FD-10/16,MT-7228,0,1,1,0,91.556185,27.616378,F,consistent_available_calls,F,matched_sex_call,original_pipeline,locations.csv,0,1,138,91.556185,27.616378,IND101,1,259,81,G1308,129,357500,3055500,9,1,IND101,TRUE,IND101,IND101
IND102,MT-7229,BRP_FD-10/17,MT-7229,0,1,1,0,91.569008,27.527194,F,consistent_available_calls,F,matched_sex_call,original_pipeline,locations.csv,0,1,139,91.569008,27.527194,IND102,1,260,71,G1082,130,358500,3045500,8,1,IND102,TRUE,IND102,IND102
IND103,MT-7231,BRP_FD-10/19,MT-7231,0,1,1,0,91.4283143,27.542057,U,no_sex_call,NA,matched_no_sex_call,original_pipeline,locations.csv,0,1,140,91.4283143,27.542057,IND103,1,246,73,G1151,131,344500,3047500,6,1,IND103,TRUE,IND103,IND103
IND104,MT-7232,BRP_FD-10/20,MT-7232,0,1,3,1,91.449365,27.421735,F,consistent_available_calls,NA,lab_ID_not_in_sexing_file,original_pipeline,locations.csv,0,1,141,91.449365,27.421735,IND104,1,248,60,G0791,132,346500,3034500,4,1,IND104,TRUE,IND104,IND104
IND104,MT-7233,BRP_FD-10/21,MT-7233,1,2,3,1,91.556305,27.615647,F,consistent_available_calls,NA,lab_ID_not_in_sexing_file,original_pipeline,locations.csv,1,2,142,91.556305,27.615647,IND104,1,259,81,G1308,133,357500,3055500,9,2,IND104,TRUE,IND104,IND104
IND104,MT-7234,BRP_FD-10/22,MT-7234,1,3,3,1,91.556466,27.615543,F,consistent_available_calls,F,matched_sex_call,original_pipeline,locations.csv,1,3,143,91.556466,27.615543,IND104,1,259,81,G1308,134,357500,3055500,9,2,IND104,TRUE,IND104,IND104
IND105,MT-7235,BRP_FD-10/23,MT-7235,0,1,1,0,91.4283191,27.5421,F,consistent_available_calls,F,matched_sex_call,original_pipeline,locations.csv,0,1,144,91.4283191,27.5421,IND105,1,246,73,G1151,135,344500,3047500,6,1,IND105,TRUE,IND105,IND105
IND106,MT-7236,BRP_FD-10/24,MT-7236,0,1,1,0,91.7592011,27.196118,F,consistent_available_calls,F,matched_sex_call,original_pipeline,locations.csv,0,1,145,91.7592011,27.196118,IND106,1,279,34,G0298,136,377500,3008500,2,1,IND106,TRUE,IND106,IND106
IND107,MT-7237,BRP_FD-10/25,MT-7237,0,1,1,0,91.613025,27.262115,M,consistent_available_calls,M,matched_sex_call,original_pipeline,locations.csv,0,1,146,91.613025,27.262115,IND107,1,264,42,G0442,137,362500,3016500,6,1,IND107,TRUE,IND107,IND107
IND108,MT-7238,BRP_FD-10/26,MT-7238,0,1,1,0,91.7427496,27.084555,U,no_sex_call,NA,matched_no_sex_call,original_pipeline,locations.csv,0,1,147,91.7427496,27.084555,IND108,1,277,22,G0106,138,375500,2996500,7,1,IND108,TRUE,IND108,IND108
IND109,MT-7240,BRP_FD-10/28,MT-7240,0,1,1,0,91.556322,27.615594,F,consistent_available_calls,F,matched_sex_call,original_pipeline,locations.csv,0,1,148,91.556322,27.615594,IND109,1,259,81,G1308,139,357500,3055500,9,1,IND109,TRUE,IND109,IND109
IND110,MT-7241,BRP_FD-10/29,MT-7241,0,1,1,0,91.551582,27.581977,F,consistent_available_calls,F,matched_sex_call,original_pipeline,locations.csv,0,1,149,91.551582,27.581977,IND110,1,259,77,G1224,140,357500,3051500,3,1,IND110,TRUE,IND110,IND110
IND111,MT-7242,BRP_FD-10/30,MT-7242,0,1,1,0,91.570391,27.526513,U,no_sex_call,NA,matched_no_sex_call,original_pipeline,locations.csv,0,1,150,91.570391,27.526513,IND111,1,260,71,G1082,141,358500,3045500,8,1,IND111,TRUE,IND111,IND111
IND112,MT-7243,BRP_FD-10/31,MT-7243,0,1,2,1,91.556089,27.616492,M,consistent_available_calls,NA,lab_ID_not_in_sexing_file,original_pipeline,locations.csv,0,1,151,91.556089,27.616492,IND112,1,259,81,G1308,142,357500,3055500,9,1,IND112,TRUE,IND112,IND112
IND112,MT-7244,BRP_FD-10/32,MT-7244,1,2,2,1,91.7911081,27.102986,M,consistent_available_calls,M,matched_sex_call,original_pipeline,locations.csv,1,2,152,91.7911081,27.102986,IND112,1,282,24,G0147,143,380500,2998500,8,2,IND112,TRUE,IND112,IND112
IND113,MT-7245,BRP_FD-10/33,MT-7245,0,1,1,0,91.6141,27.26261,F,consistent_available_calls,F,matched_sex_call,original_pipeline,locations.csv,0,1,153,91.6141,27.26261,IND113,1,264,42,G0442,144,362500,3016500,6,1,IND113,TRUE,IND113,IND113
IND114,MT-7246,BRP_FD-10/34,MT-7246,0,1,4,1,91.585358,27.288537,M,consistent_available_calls,NA,lab_ID_not_in_sexing_file,original_pipeline,locations.csv,0,1,154,91.585358,27.288537,IND114,1,261,45,G0515,145,359500,3019500,4,1,IND114,TRUE,IND114,IND114
IND114,MT-7248,BRP_FD-10/36,MT-7248,1,2,4,1,91.4049745,27.521916,M,consistent_available_calls,NA,lab_ID_not_in_sexing_file,original_pipeline,locations.csv,1,2,155,91.4049745,27.521916,IND114,1,244,71,G1079,146,342500,3045500,4,2,IND114,TRUE,IND114,IND114
IND114,MT-7250,BRP_FD-10/38,MT-7250,1,3,4,1,91.568999,27.527204,M,consistent_available_calls,NA,lab_ID_not_in_sexing_file,original_pipeline,locations.csv,1,3,156,91.568999,27.527204,IND114,1,260,71,G1082,147,358500,3045500,8,3,IND114,TRUE,IND114,IND114
IND114,MT-7252,BRP_FD-10/40,MT-7252,1,4,4,1,91.61305,27.262119,M,consistent_available_calls,M,matched_sex_call,original_pipeline,locations.csv,1,4,157,91.61305,27.262119,IND114,1,264,42,G0442,148,362500,3016500,6,1,IND114,TRUE,IND114,IND114
IND115,MT-7247,BRP_FD-10/35,MT-7247,0,1,1,0,91.613463,27.26233,U,no_sex_call,NA,matched_no_sex_call,original_pipeline,locations.csv,0,1,158,91.613463,27.26233,IND115,1,264,42,G0442,149,362500,3016500,6,1,IND115,TRUE,IND115,IND115
IND116,MT-7251,BRP_FD-10/39,MT-7251,0,1,1,0,91.613304,27.261808,F,consistent_available_calls,F,matched_sex_call,original_pipeline,locations.csv,0,1,159,91.613304,27.261808,IND116,1,264,42,G0442,150,362500,3016500,6,1,IND116,TRUE,IND116,IND116
IND117,MT-7253,BRP_FD-10/41,MT-7253,0,1,1,0,91.61305,27.262077,F,consistent_available_calls,F,matched_sex_call,original_pipeline,locations.csv,0,1,160,91.61305,27.262077,IND117,1,264,42,G0442,151,362500,3016500,6,1,IND117,TRUE,IND117,IND117
IND118,MT-7254,BRP_FD-10/42,MT-7254,0,1,1,0,91.612686,27.26176,U,no_sex_call,NA,matched_no_sex_call,original_pipeline,locations.csv,0,1,161,91.612686,27.26176,IND118,1,264,42,G0442,152,362500,3016500,6,1,IND118,TRUE,IND118,IND118
IND119,MT-7256,BRP_PA-01/01,MT-7256,0,1,1,0,89.198666,27.220411,F,consistent_available_calls,F,matched_sex_call,original_pipeline,locations.csv,0,1,162,89.198666,27.220411,IND119,1,25,42,G0431,153,123500,3016500,5,1,IND119,TRUE,IND119,IND119
IND120,MT-7257,BRP_PA-01/02,MT-7257,0,1,3,1,89.201294,27.217103,F,consistent_available_calls,NA,lab_ID_not_in_sexing_file,original_pipeline,locations.csv,0,1,163,89.201294,27.217103,IND120,1,25,42,G0431,154,123500,3016500,5,1,IND120,TRUE,IND120,IND120
IND120,MT-7258,BRP_PA-01/03,MT-7258,1,2,3,1,89.198613,27.220406,F,consistent_available_calls,NA,lab_ID_not_in_sexing_file,original_pipeline,locations.csv,1,2,164,89.198613,27.220406,IND120,1,25,42,G0431,155,123500,3016500,5,1,IND120,TRUE,IND120,IND120
IND120,MT-7261,BRP_PA-01/06,MT-7261,1,3,3,1,89.199727,27.220580000000002,F,consistent_available_calls,F,matched_sex_call,original_pipeline,locations.csv,1,3,165,89.199727,27.220580000000002,IND120,1,25,42,G0431,156,123500,3016500,5,1,IND120,TRUE,IND120,IND120
IND121,MT-7259,BRP_PA-01/04,MT-7259,0,1,1,0,89.211056,27.192006,F,consistent_available_calls,F,matched_sex_call,original_pipeline,locations.csv,0,1,166,89.211056,27.192006,IND121,1,26,39,G0370,157,124500,3013500,6,1,IND121,TRUE,IND121,IND121
IND122,MT-7260,BRP_PA-01/05,MT-7260,0,1,1,0,89.198641,27.220414,M,consistent_available_calls,M,matched_sex_call,original_pipeline,locations.csv,0,1,167,89.198641,27.220414,IND122,1,25,42,G0431,158,123500,3016500,5,1,IND122,TRUE,IND122,IND122
IND123,MT-7262,BRP_PA-01/07,MT-7262,0,1,1,0,89.200011,27.173734,M,consistent_available_calls,M,matched_sex_call,original_pipeline,locations.csv,0,1,168,89.200011,27.173734,IND123,1,25,37,G0327,159,123500,3011500,3,1,IND123,TRUE,IND123,IND123
IND124,MT-7263,BRP_PA-01/08,MT-7263,0,1,3,1,89.192222,27.209536,F,consistent_available_calls,NA,lab_ID_not_in_sexing_file,original_pipeline,locations.csv,0,1,169,89.192222,27.209536,IND124,1,24,41,G0419,160,122500,3015500,4,1,IND124,TRUE,IND124,IND124
IND124,MT-7265,BRP_PA-01/10,MT-7265,1,2,3,1,89.1875,27.208306,F,consistent_available_calls,NA,lab_ID_not_in_sexing_file,original_pipeline,locations.csv,1,2,170,89.1875,27.208306,IND124,1,24,41,G0419,161,122500,3015500,4,1,IND124,TRUE,IND124,IND124
IND124,MT-7266,BRP_PA-01/11,MT-7266,1,3,3,1,89.192812,27.209799,F,consistent_available_calls,F,matched_sex_call,original_pipeline,locations.csv,1,3,171,89.192812,27.209799,IND124,1,24,41,G0419,162,122500,3015500,4,1,IND124,TRUE,IND124,IND124
IND125,MT-7267,BRP_PA-01/12,MT-7267,0,1,1,0,89.199083,27.17661,U,no_sex_call,NA,matched_no_sex_call,original_pipeline,locations.csv,0,1,172,89.199083,27.17661,IND125,1,25,37,G0327,163,123500,3011500,3,1,IND125,TRUE,IND125,IND125
IND126,MT-7268,BRP_PA-01/13,MT-7268,0,1,1,0,89.07252,27.177634,M,consistent_available_calls,M,matched_sex_call,original_pipeline,locations.csv,0,1,173,89.07252,27.177634,IND126,1,12,38,G0346,164,110500,3012500,6,1,IND126,TRUE,IND126,IND126
IND127,MT-7270,BRP_PA-01/15,MT-7270,0,1,3,1,89.198945,27.176636,M,consistent_available_calls,NA,lab_ID_not_in_sexing_file,original_pipeline,locations.csv,0,1,174,89.198945,27.176636,IND127,1,25,37,G0327,165,123500,3011500,3,1,IND127,TRUE,IND127,IND127
IND127,MT-7272,BRP_PA-01/17,MT-7272,1,2,3,1,89.260846,27.229398,M,consistent_available_calls,NA,lab_ID_not_in_sexing_file,original_pipeline,locations.csv,1,2,175,89.260846,27.229398,IND127,1,31,43,G0451,166,129500,3017500,3,1,IND127,TRUE,IND127,IND127
IND127,MT-7278,BRP_PA-01/23,MT-7278,1,3,3,1,89.213554,27.196472,M,consistent_available_calls,M,matched_sex_call,original_pipeline,locations.csv,1,3,176,89.213554,27.196472,IND127,1,26,39,G0370,167,124500,3013500,6,1,IND127,TRUE,IND127,IND127
IND128,MT-7271,BRP_PA-01/16,MT-7271,0,1,1,0,89.200781,27.216812,F,consistent_available_calls,F,matched_sex_call,original_pipeline,locations.csv,0,1,177,89.200781,27.216812,IND128,1,25,42,G0431,168,123500,3016500,5,1,IND128,TRUE,IND128,IND128
IND129,MT-7273,BRP_PA-01/18,MT-7273,0,1,2,1,89.215384,27.212025,F,consistent_available_calls,NA,lab_ID_not_in_sexing_file,original_pipeline,locations.csv,0,1,178,89.215384,27.212025,IND129,1,27,41,G0421,169,125500,3015500,5,1,IND129,TRUE,IND129,IND129
IND129,MT-7276,BRP_PA-01/21,MT-7276,1,2,2,1,89.214744,27.180663,F,consistent_available_calls,F,matched_sex_call,original_pipeline,locations.csv,1,2,179,89.214744,27.180663,IND129,1,26,38,G0350,170,124500,3012500,7,1,IND129,TRUE,IND129,IND129
IND130,MT-7275,BRP_PA-01/20,MT-7275,0,1,1,0,89.215246,27.212068,U,no_sex_call,NA,matched_no_sex_call,original_pipeline,locations.csv,0,1,180,89.215246,27.212068,IND130,1,27,41,G0421,171,125500,3015500,5,1,IND130,TRUE,IND130,IND130
IND131,MT-7277,BRP_PA-01/22,MT-7277,0,1,1,0,89.24535,27.232214,F,consistent_available_calls,F,matched_sex_call,original_pipeline,locations.csv,0,1,181,89.24535,27.232214,IND131,1,30,43,G0450,172,128500,3017500,7,1,IND131,TRUE,IND131,IND131
IND132,MT-7280,BRP_PA-01/25,MT-7280,0,1,3,1,89.246894,27.233052,F,consistent_available_calls,NA,lab_ID_not_in_sexing_file,original_pipeline,locations.csv,0,1,182,89.246894,27.233052,IND132,1,30,43,G0450,173,128500,3017500,7,1,IND132,TRUE,IND132,IND132
IND132,MT-7281,BRP_PA-01/26,MT-7281,1,2,3,1,89.212172,27.197297,F,consistent_available_calls,NA,lab_ID_not_in_sexing_file,original_pipeline,locations.csv,1,2,183,89.212172,27.197297,IND132,1,26,39,G0370,174,124500,3013500,6,1,IND132,TRUE,IND132,IND132
IND132,MT-7283,BRP_PA-01/28,MT-7283,1,3,3,1,89.2144,27.197038,F,consistent_available_calls,F,matched_sex_call,original_pipeline,locations.csv,1,3,184,89.2144,27.197038,IND132,1,26,39,G0370,175,124500,3013500,6,1,IND132,TRUE,IND132,IND132
IND133,MT-7284,BRP_PA-01/29,MT-7284,0,1,4,1,89.215482,27.212031,F,consistent_available_calls,NA,lab_ID_not_in_sexing_file,original_pipeline,locations.csv,0,1,185,89.215482,27.212031,IND133,1,27,41,G0421,176,125500,3015500,5,1,IND133,TRUE,IND133,IND133
IND133,MT-7285,BRP_PA-01/30,MT-7285,1,2,4,1,89.187413,27.137377,F,consistent_available_calls,NA,lab_ID_not_in_sexing_file,original_pipeline,locations.csv,1,2,186,89.187413,27.137377,IND133,1,24,33,G0263,177,122500,3007500,4,1,IND133,TRUE,IND133,IND133
IND133,MT-7289,BRP_PA-01/34,MT-7289,1,3,4,1,89.261103,27.229395,F,consistent_available_calls,NA,lab_ID_not_in_sexing_file,original_pipeline,locations.csv,1,3,187,89.261103,27.229395,IND133,1,31,43,G0451,178,129500,3017500,3,1,IND133,TRUE,IND133,IND133
IND133,MT-7294,BRP_PA-01/39,MT-7294,1,4,4,1,89.203186,27.145999,F,consistent_available_calls,F,matched_sex_call,original_pipeline,locations.csv,1,4,188,89.203186,27.145999,IND133,1,25,34,G0291,179,123500,3008500,4,1,IND133,TRUE,IND133,IND133
IND134,MT-7287,BRP_PA-01/32,MT-7287,0,1,3,1,89.261149,27.22936,U,no_sex_call,NA,lab_ID_not_in_sexing_file,original_pipeline,locations.csv,0,1,189,89.261149,27.22936,IND134,1,31,43,G0451,180,129500,3017500,3,1,IND134,TRUE,IND134,IND134
IND134,MT-7288,BRP_PA-01/33,MT-7288,1,2,3,1,89.215256,27.21205,U,no_sex_call,NA,lab_ID_not_in_sexing_file,original_pipeline,locations.csv,1,2,190,89.215256,27.21205,IND134,1,27,41,G0421,181,125500,3015500,5,1,IND134,TRUE,IND134,IND134
IND134,MT-7293,BRP_PA-01/38,MT-7293,1,3,3,1,89.215198,27.211992,U,no_sex_call,NA,matched_no_sex_call,original_pipeline,locations.csv,1,3,191,89.215198,27.211992,IND134,1,27,41,G0421,182,125500,3015500,5,1,IND134,TRUE,IND134,IND134
IND135,MT-7291,BRP_PA-01/36,MT-7291,0,1,3,1,89.216097,27.211844,F,consistent_available_calls,NA,lab_ID_not_in_sexing_file,original_pipeline,locations.csv,0,1,192,89.216097,27.211844,IND135,1,27,41,G0421,183,125500,3015500,5,1,IND135,TRUE,IND135,IND135
IND135,MT-7295,BRP_PA-01/40,MT-7295,1,2,3,1,89.187538,27.137632,F,consistent_available_calls,NA,lab_ID_not_in_sexing_file,original_pipeline,locations.csv,1,2,193,89.187538,27.137632,IND135,1,24,33,G0263,184,122500,3007500,4,1,IND135,TRUE,IND135,IND135
IND135,MT-7299,BRP_PA-01/44,MT-7299,1,3,3,1,89.21502,27.212126,F,consistent_available_calls,F,matched_sex_call,original_pipeline,locations.csv,1,3,194,89.21502,27.212126,IND135,1,27,41,G0421,185,125500,3015500,5,1,IND135,TRUE,IND135,IND135
IND136,MT-7292,BRP_PA-01/37,MT-7292,0,1,1,0,89.216669,27.198353,U,no_sex_call,NA,matched_no_sex_call,original_pipeline,locations.csv,0,1,195,89.216669,27.198353,IND136,1,27,40,G0404,186,125500,3014500,4,1,IND136,TRUE,IND136,IND136
IND137,MT-7296,BRP_PA-01/41,MT-7296,0,1,1,0,89.215176,27.211959,M,consistent_available_calls,M,matched_sex_call,original_pipeline,locations.csv,0,1,196,89.215176,27.211959,IND137,1,27,41,G0421,187,125500,3015500,5,1,IND137,TRUE,IND137,IND137
IND138,MT-7300,BRP_PA-01/45,MT-7300,0,1,1,0,89.213476,27.176266,U,no_sex_call,NA,matched_no_sex_call,original_pipeline,locations.csv,0,1,197,89.213476,27.176266,IND138,1,26,37,G0328,188,124500,3011500,5,1,IND138,TRUE,IND138,IND138
IND139,MT-7303,BRP_PA-01/48,MT-7303,0,1,1,0,89.101125,27.046162,U,no_sex_call,NA,matched_no_sex_call,original_pipeline,locations.csv,0,1,198,89.101125,27.046162,IND139,1,15,23,G0117,189,113500,2997500,8,1,IND139,TRUE,IND139,IND139
IND140,MT-7305,BRP_PA-01/50,MT-7305,0,1,2,1,89.10143,27.045798,F,consistent_available_calls,NA,lab_ID_not_in_sexing_file,original_pipeline,locations.csv,0,1,199,89.10143,27.045798,IND140,1,15,23,G0117,190,113500,2997500,8,1,IND140,TRUE,IND140,IND140
IND140,MT-7308,BRP_PA-01/53,MT-7308,1,2,2,1,89.098905,27.048771,F,consistent_available_calls,F,matched_sex_call,original_pipeline,locations.csv,1,2,200,89.098905,27.048771,IND140,1,14,23,G0116,191,112500,2997500,3,1,IND140,TRUE,IND140,IND140
IND141,MT-7306,BRP_PA-01/51,MT-7306,0,1,1,0,89.084974,27.078721,F,consistent_available_calls,F,matched_sex_call,original_pipeline,locations.csv,0,1,201,89.084974,27.078721,IND141,1,13,27,G0174,192,111500,3001500,3,1,IND141,TRUE,IND141,IND141
IND142,MT-7307,BRP_PA-01/52,MT-7307,0,1,1,0,89.101113,27.045901,M,consistent_available_calls,M,matched_sex_call,original_pipeline,locations.csv,0,1,202,89.101113,27.045901,IND142,1,15,23,G0117,193,113500,2997500,8,1,IND142,TRUE,IND142,IND142
IND143,MT-7310,BRP_PA-01/55,MT-7310,0,1,1,0,89.106326,27.040447,F,consistent_available_calls,F,matched_sex_call,original_pipeline,locations.csv,0,1,203,89.106326,27.040447,IND143,1,15,22,G0086,194,113500,2996500,3,1,IND143,TRUE,IND143,IND143
IND144,MT-7311,BRP_PA-01/56,MT-7311,0,1,1,0,89.10661,27.076115,M,consistent_available_calls,M,matched_sex_call,original_pipeline,locations.csv,0,1,204,89.10661,27.076115,IND144,1,15,26,G0164,195,113500,3000500,2,1,IND144,TRUE,IND144,IND144
IND145,MT-7313,BRP_PA-02/02,MT-7313,0,1,1,0,89.924305,27.74531,F,consistent_available_calls,F,matched_sex_call,original_pipeline,locations.csv,0,1,205,89.924305,27.74531,IND145,1,98,98,G1535,196,196500,3072500,12,1,IND145,TRUE,IND145,IND145
IND146,MT-7314,BRP_PA-02/03,MT-7314,0,1,1,0,89.832357,27.716667,M,consistent_available_calls,M,matched_sex_call,original_pipeline,locations.csv,0,1,206,89.832357,27.716667,IND146,1,89,95,G1494,197,187500,3069500,7,1,IND146,TRUE,IND146,IND146
IND147,MT-7315,BRP_PA-02/04,MT-7315,0,1,1,0,89.937546,27.711341,F,consistent_available_calls,F,matched_sex_call,original_pipeline,locations.csv,0,1,207,89.937546,27.711341,IND147,1,100,94,G1485,198,198500,3068500,7,1,IND147,TRUE,IND147,IND147
IND148,MT-7316,BRP_PA-02/05,MT-7316,0,1,1,0,89.780793,27.767006,F,consistent_available_calls,F,matched_sex_call,original_pipeline,locations.csv,0,1,208,89.780793,27.767006,IND148,1,84,101,G1555,199,182500,3075500,3,1,IND148,TRUE,IND148,IND148
IND149,MT-7317,BRP_PA-02/06,MT-7317,0,1,1,0,89.797792,27.777715,U,no_sex_call,NA,matched_no_sex_call,original_pipeline,locations.csv,0,1,209,89.797792,27.777715,IND149,1,86,102,G1562,200,184500,3076500,5,1,IND149,TRUE,IND149,IND149
IND150,MT-7319,BRP_PA-02/08,MT-7319,0,1,1,0,89.833202,27.716728,F,consistent_available_calls,F,matched_sex_call,original_pipeline,locations.csv,0,1,210,89.833202,27.716728,IND150,1,89,95,G1494,201,187500,3069500,7,1,IND150,TRUE,IND150,IND150
IND152,MT-7321,BRP_PA-02/10,MT-7321,0,1,1,0,89.83869,27.715412,F,consistent_available_calls,F,matched_sex_call,original_pipeline,locations.csv,0,1,212,89.83869,27.715412,IND152,1,90,95,G1495,202,188500,3069500,4,1,IND152,TRUE,IND152,IND152
IND153,MT-7322,BRP_PA-02/11,MT-7322,0,1,1,0,89.923143,27.741808,F,consistent_available_calls,F,matched_sex_call,original_pipeline,locations.csv,0,1,213,89.923143,27.741808,IND153,1,98,98,G1535,203,196500,3072500,12,1,IND153,TRUE,IND153,IND153
IND154,MT-7323,BRP_PA-02/12,MT-7323,0,1,1,0,89.836243,27.719123,M,consistent_available_calls,M,matched_sex_call,original_pipeline,locations.csv,0,1,214,89.836243,27.719123,IND154,1,90,96,G1506,204,188500,3070500,3,1,IND154,TRUE,IND154,IND154
IND155,MT-7324,BRP_PA-02/13,MT-7324,0,1,1,0,89.925415,27.737072,F,consistent_available_calls,F,matched_sex_call,original_pipeline,locations.csv,0,1,215,89.925415,27.737072,IND155,1,98,97,G1523,205,196500,3071500,3,1,IND155,TRUE,IND155,IND155
IND156,MT-7325,BRP_PA-02/14,MT-7325,0,1,1,0,89.805285,27.786119,U,no_sex_call,NA,matched_no_sex_call,original_pipeline,locations.csv,0,1,216,89.805285,27.786119,IND156,1,87,103,G1570,206,185500,3077500,5,1,IND156,TRUE,IND156,IND156
IND157,MT-7326,BRP_PA-02/15,MT-7326,0,1,1,0,89.923587,27.745328,F,consistent_available_calls,F,matched_sex_call,original_pipeline,locations.csv,0,1,217,89.923587,27.745328,IND157,1,98,98,G1535,207,196500,3072500,12,1,IND157,TRUE,IND157,IND157
IND158,MT-7327,BRP_PA-02/16,MT-7327,0,1,1,0,89.804871,27.785931,M,consistent_available_calls,M,matched_sex_call,original_pipeline,locations.csv,0,1,218,89.804871,27.785931,IND158,1,87,103,G1570,208,185500,3077500,5,1,IND158,TRUE,IND158,IND158
IND159,MT-7329,BRP_PA-02/18,MT-7329,0,1,1,0,89.778815,27.782377,F,consistent_available_calls,F,matched_sex_call,original_pipeline,locations.csv,0,1,219,89.778815,27.782377,IND159,1,84,103,G1567,209,182500,3077500,3,1,IND159,TRUE,IND159,IND159
IND160,MT-7330,BRP_PA-02/19,MT-7330,0,1,1,0,89.937857,27.711245,U,no_sex_call,NA,matched_no_sex_call,original_pipeline,locations.csv,0,1,220,89.937857,27.711245,IND160,1,100,94,G1485,210,198500,3068500,7,1,IND160,TRUE,IND160,IND160
IND161,MT-7331,BRP_PA-02/20,MT-7331,0,1,1,0,89.80473,27.78604,U,no_sex_call,NA,matched_no_sex_call,original_pipeline,locations.csv,0,1,221,89.80473,27.78604,IND161,1,87,103,G1570,211,185500,3077500,5,1,IND161,TRUE,IND161,IND161
IND162,MT-7334,BRP_PA-02/23,MT-7334,0,1,1,0,89.80571,27.785947,M,consistent_available_calls,M,matched_sex_call,original_pipeline,locations.csv,0,1,222,89.80571,27.785947,IND162,1,87,103,G1570,212,185500,3077500,5,1,IND162,TRUE,IND162,IND162
IND163,MT-7339,BRP_PA-02/28,MT-7339,0,1,2,1,89.723409,27.706597,M,consistent_available_calls,NA,lab_ID_not_in_sexing_file,original_pipeline,locations.csv,0,1,223,89.723409,27.706597,IND163,1,78,95,G1490,213,176500,3069500,3,1,IND163,TRUE,IND163,IND163
IND163,MT-7340,BRP_PA-02/33,MT-7340,1,2,2,1,89.635183,27.648971,M,consistent_available_calls,M,matched_sex_call,original_pipeline,locations.csv,1,2,224,89.635183,27.648971,IND163,1,69,88,G1422,214,167500,3062500,1,2,IND163,TRUE,IND163,IND163
IND164,MT-7341,BRP_PA-02/34,MT-7341,0,1,3,1,89.613604,27.614299,F,consistent_available_calls,NA,lab_ID_not_in_sexing_file,original_pipeline,locations.csv,0,1,225,89.613604,27.614299,IND164,1,67,85,G1373,215,165500,3059500,1,1,IND164,TRUE,IND164,IND164
IND164,MT-7345,BRP_PA-02/38,MT-7345,1,3,3,1,89.781831,27.772819,F,consistent_available_calls,F,matched_sex_call,original_pipeline,locations.csv,1,3,227,89.781831,27.772819,IND164,1,84,102,G1560,216,182500,3076500,9,2,IND164,TRUE,IND164,IND164
IND165,MT-7347,BRP_PA-02/40,MT-7347,0,1,1,0,89.792765,27.775171,U,no_sex_call,NA,matched_no_sex_call,original_pipeline,locations.csv,0,1,228,89.792765,27.775171,IND165,1,85,102,G1561,217,183500,3076500,2,1,IND165,TRUE,IND165,IND165
IND166,MT-7348,BRP_PA-02/41,MT-7348,0,1,1,0,89.64431,27.667259,M,consistent_available_calls,M,matched_sex_call,original_pipeline,locations.csv,0,1,229,89.64431,27.667259,IND166,1,70,90,G1443,218,168500,3064500,2,1,IND166,TRUE,IND166,IND166
IND167,MT-7350,BRP_PA-02/43,MT-7350,0,1,1,0,89.781866,27.776782999999998,M,consistent_available_calls,M,matched_sex_call,original_pipeline,locations.csv,0,1,230,89.781866,27.776782999999998,IND167,1,84,102,G1560,219,182500,3076500,9,1,IND167,TRUE,IND167,IND167
IND168,MT-7351,BRP_PA-02/44,MT-7351,0,1,1,0,89.771037,27.763325,F,consistent_available_calls,F,matched_sex_call,original_pipeline,locations.csv,0,1,231,89.771037,27.763325,IND168,1,83,101,G1554,220,181500,3075500,5,1,IND168,TRUE,IND168,IND168
IND169,MT7352,BRP_PA-02/45,MT7352,0,1,1,0,89.736586,27.880972,F,consistent_available_calls,F,matched_sex_call,original_pipeline,locations.csv,0,1,232,89.736586,27.880972,IND169,1,80,114,G1599,221,178500,3088500,5,1,IND169,TRUE,IND169,IND169
IND170,MT-7353,BRP_PA-02/46,MT-7353,0,1,1,0,89.630971,27.594593,F,consistent_available_calls,F,matched_sex_call,original_pipeline,locations.csv,0,1,233,89.630971,27.594593,IND170,1,69,82,G1309,222,167500,3056500,1,1,IND170,TRUE,IND170,IND170
IND171,MT-7355,BRP_PA-02/48,MT-7355,0,1,1,0,89.635257,27.64947,M,consistent_available_calls,M,matched_sex_call,original_pipeline,locations.csv,0,1,234,89.635257,27.64947,IND171,1,69,88,G1422,223,167500,3062500,1,1,IND171,TRUE,IND171,IND171
IND173,MT-7357,BRP_PA-02/50,MT-7357,0,1,2,1,89.794396,27.772069,M,consistent_available_calls,NA,lab_ID_not_in_sexing_file,original_pipeline,locations.csv,0,1,236,89.794396,27.772069,IND173,1,86,102,G1562,224,184500,3076500,5,1,IND173,TRUE,IND173,IND173
IND173,MT-7360,BRP_PA-02/53,MT-7360,1,2,2,1,89.7974,27.777562,M,consistent_available_calls,M,matched_sex_call,original_pipeline,locations.csv,1,2,237,89.7974,27.777562,IND173,1,86,102,G1562,225,184500,3076500,5,1,IND173,TRUE,IND173,IND173
IND174,MT-7358,BRP_PA-02/51,MT-7358,0,1,2,1,89.768005,27.763728,U,no_sex_call,NA,lab_ID_not_in_sexing_file,original_pipeline,locations.csv,0,1,238,89.768005,27.763728,IND174,1,83,101,G1554,226,181500,3075500,5,1,IND174,TRUE,IND174,IND174
IND174,MT-7359,BRP_PA-02/52,MT-7359,1,2,2,1,89.797632,27.777096,U,no_sex_call,NA,matched_no_sex_call,original_pipeline,locations.csv,1,2,239,89.797632,27.777096,IND174,1,86,102,G1562,227,184500,3076500,5,1,IND174,TRUE,IND174,IND174
IND175,MT-7362,BRP_PA-02/55,MT-7362,0,1,1,0,89.780777,27.782951,F,consistent_available_calls,F,matched_sex_call,original_pipeline,locations.csv,0,1,240,89.780777,27.782951,IND175,1,84,103,G1567,228,182500,3077500,3,1,IND175,TRUE,IND175,IND175
IND176,MT-7365,BRP_PA-03/03,MT-7365,1,2,3,1,90.289982,27.549132,M,consistent_available_calls,NA,lab_ID_not_in_sexing_file,original_pipeline,locations.csv,1,2,242,90.289982,27.549132,IND176,1,134,76,G1198,229,232500,3050500,3,1,IND176,TRUE,IND176,IND176
IND176,MT-7367,BRP_PA-03/05,MT-7367,1,3,3,1,90.289576,27.549361,M,consistent_available_calls,M,matched_sex_call,original_pipeline,locations.csv,1,3,243,90.289576,27.549361,IND176,1,134,76,G1198,230,232500,3050500,3,1,IND176,TRUE,IND176,IND176
IND177,MT-7364,BRP_PA-03/02,MT-7364,0,1,1,0,90.309158,27.60323,U,no_sex_call,NA,matched_no_sex_call,original_pipeline,locations.csv,0,1,244,90.309158,27.60323,IND177,1,136,82,G1320,231,234500,3056500,4,1,IND177,TRUE,IND177,IND177
IND178,MT-7366,BRP_PA-03/04,MT-7366,0,1,1,0,90.432796,27.642118,F,consistent_available_calls,F,matched_sex_call,original_pipeline,locations.csv,0,1,245,90.432796,27.642118,IND178,1,148,86,G1400,232,246500,3060500,1,1,IND178,TRUE,IND178,IND178
IND179,MT-7368,BRP_PA-03/06,MT-7368,0,1,1,0,90.290318,27.549086,F,consistent_available_calls,F,matched_sex_call,original_pipeline,locations.csv,0,1,246,90.290318,27.549086,IND179,1,134,76,G1198,233,232500,3050500,3,1,IND179,TRUE,IND179,IND179
IND180,MT-7369,BRP_PA-03/07,MT-7369,0,1,1,0,90.432872,27.642184,F,consistent_available_calls,F,matched_sex_call,original_pipeline,locations.csv,0,1,247,90.432872,27.642184,IND180,1,148,86,G1400,234,246500,3060500,1,1,IND180,TRUE,IND180,IND180
IND181,MT-7370,BRP_PA-03/08,MT-7370,0,1,1,0,90.332039,27.599065,U,no_sex_call,NA,matched_no_sex_call,original_pipeline,locations.csv,0,1,248,90.332039,27.599065,IND181,1,138,81,G1289,235,236500,3055500,2,1,IND181,TRUE,IND181,IND181
IND182,MT-7371,BRP_PA-03/09,MT-7371,0,1,1,0,90.637704,27.678743,F,consistent_available_calls,F,matched_sex_call,original_pipeline,locations.csv,0,1,249,90.637704,27.678743,IND182,1,169,89,G1435,236,267500,3063500,3,1,IND182,TRUE,IND182,IND182
IND184,MT-7373,BRP_PA-03/11,MT-7373,0,1,1,0,90.655417,27.70499,F,consistent_available_calls,F,matched_sex_call,original_pipeline,locations.csv,0,1,251,90.655417,27.70499,IND184,1,170,92,G1466,237,268500,3066500,8,1,IND184,TRUE,IND184,IND184
IND185,MT-7376,BRP_PA-03/14,MT-7376,1,2,2,1,90.347206,27.547798,M,consistent_available_calls,M,matched_sex_call,original_pipeline,locations.csv,1,2,253,90.347206,27.547798,IND185,1,140,75,G1183,238,238500,3049500,6,1,IND185,TRUE,IND185,IND185
IND186,MT-7377,BRP_PA-03/15,MT-7377,0,1,1,0,90.435088,27.64265,F,consistent_available_calls,F,matched_sex_call,original_pipeline,locations.csv,0,1,254,90.435088,27.64265,IND186,1,148,86,G1400,239,246500,3060500,1,1,IND186,TRUE,IND186,IND186
IND187,MT-7378,BRP_PA-03/16,MT-7378,0,1,1,0,90.638285,27.682413,F,consistent_available_calls,F,matched_sex_call,original_pipeline,locations.csv,0,1,255,90.638285,27.682413,IND187,1,169,90,G1445,240,267500,3064500,4,1,IND187,TRUE,IND187,IND187
IND188,MT-7379,BRP_PA-03/17,MT-7379,0,1,1,0,90.964237,27.833323,U,no_sex_call,NA,matched_no_sex_call,original_pipeline,locations.csv,0,1,256,90.964237,27.833323,IND188,1,201,106,G1582,241,299500,3080500,4,1,IND188,TRUE,IND188,IND188
IND190,MT-7382,BRP_PA-03/20,MT-7382,0,1,2,1,90.637793,27.678785,M,consistent_available_calls,NA,lab_ID_not_in_sexing_file,original_pipeline,locations.csv,0,1,258,90.637793,27.678785,IND190,1,169,89,G1435,242,267500,3063500,3,1,IND190,TRUE,IND190,IND190
IND190,MT-7383,BRP_PA-03/21,MT-7383,1,2,2,1,90.285424,27.598677,M,consistent_available_calls,M,matched_sex_call,original_pipeline,locations.csv,1,2,259,90.285424,27.598677,IND190,1,134,81,G1286,243,232500,3055500,1,2,IND190,TRUE,IND190,IND190
IND191,MT-7385,BRP_PA-03/23,MT-7385,0,1,1,0,90.331951,27.59901,F,consistent_available_calls,F,matched_sex_call,original_pipeline,locations.csv,0,1,260,90.331951,27.59901,IND191,1,138,81,G1289,244,236500,3055500,2,1,IND191,TRUE,IND191,IND191
IND192,MT-7386,BRP_PA-03/24,MT-7386,0,1,1,0,90.332198,27.599029,U,no_sex_call,NA,matched_no_sex_call,original_pipeline,locations.csv,0,1,261,90.332198,27.599029,IND192,1,138,81,G1289,245,236500,3055500,2,1,IND192,TRUE,IND192,IND192
IND194,MT-7388,BRP_PA-03/26,MT-7388,0,1,1,0,90.654751,27.704778,F,consistent_available_calls,F,matched_sex_call,original_pipeline,locations.csv,0,1,263,90.654751,27.704778,IND194,1,170,92,G1466,246,268500,3066500,8,1,IND194,TRUE,IND194,IND194
IND195,MT-7389,BRP_PA-03/27,MT-7389,0,1,1,0,90.284056,27.596686,F,consistent_available_calls,F,matched_sex_call,original_pipeline,locations.csv,0,1,264,90.284056,27.596686,IND195,1,133,81,G1285,247,231500,3055500,1,1,IND195,TRUE,IND195,IND195
IND196,MT-7392,BRP_PA-03/30,MT-7392,0,1,1,0,90.408961,27.63074,F,consistent_available_calls,F,matched_sex_call,original_pipeline,locations.csv,0,1,265,90.408961,27.63074,IND196,1,146,84,G1360,248,244500,3058500,2,1,IND196,TRUE,IND196,IND196
IND197,MT-7393,BRP_PA-04/01,MT-7393,0,1,1,0,90.21101,27.3748,U,no_sex_call,NA,matched_no_sex_call,original_pipeline,locations.csv,0,1,266,90.21101,27.3748,IND197,1,126,57,G0696,249,224500,3031500,3,1,IND197,TRUE,IND197,IND197
IND198,MT-7394,BRP_PA-04/02,MT-7394,0,1,2,1,90.194485,27.360888,F,consistent_available_calls,NA,lab_ID_not_in_sexing_file,original_pipeline,locations.csv,0,1,267,90.194485,27.360888,IND198,1,124,55,G0645,250,222500,3029500,2,1,IND198,TRUE,IND198,IND198
IND198,MT-7397,BRP_PA-04/05,MT-7397,1,2,2,1,90.196423,27.36309,F,consistent_available_calls,F,matched_sex_call,original_pipeline,locations.csv,1,2,268,90.196423,27.36309,IND198,1,124,55,G0645,251,222500,3029500,2,1,IND198,TRUE,IND198,IND198
IND199,MT-7395,BRP_PA-04/03,MT-7395,0,1,2,1,90.185835,27.357268,U,no_sex_call,NA,lab_ID_not_in_sexing_file,original_pipeline,locations.csv,0,1,269,90.185835,27.357268,IND199,1,123,55,G0644,252,221500,3029500,2,1,IND199,TRUE,IND199,IND199
IND199,MT-7396,BRP_PA-04/04,MT-7396,1,2,2,1,90.212801,27.360018,U,no_sex_call,NA,matched_no_sex_call,original_pipeline,locations.csv,1,2,270,90.212801,27.360018,IND199,1,126,55,G0647,253,224500,3029500,5,1,IND199,TRUE,IND199,IND199
IND200,MT-7398,BRP_PA-04/06,MT-7398,0,1,2,1,90.185848,27.35727,F,consistent_available_calls,NA,lab_ID_not_in_sexing_file,original_pipeline,locations.csv,0,1,271,90.185848,27.35727,IND200,1,123,55,G0644,254,221500,3029500,2,1,IND200,TRUE,IND200,IND200
IND200,MT-7403,BRP_PA-04/11,MT-7403,1,2,2,1,90.196275,27.344129,F,consistent_available_calls,F,matched_sex_call,original_pipeline,locations.csv,1,2,272,90.196275,27.344129,IND200,1,124,53,G0612,255,222500,3027500,2,1,IND200,TRUE,IND200,IND200
IND201,MT-7399,BRP_PA-04/07,MT-7399,0,1,2,1,90.195195,27.338748,M,consistent_available_calls,NA,lab_ID_not_in_sexing_file,original_pipeline,locations.csv,0,1,273,90.195195,27.338748,IND201,1,124,53,G0612,256,222500,3027500,2,1,IND201,TRUE,IND201,IND201
IND201,MT-7400,BRP_PA-04/08,MT-7400,1,2,2,1,90.195815,27.341131,M,consistent_available_calls,M,matched_sex_call,original_pipeline,locations.csv,1,2,274,90.195815,27.341131,IND201,1,124,53,G0612,257,222500,3027500,2,1,IND201,TRUE,IND201,IND201
IND202,MT-7402,BRP_PA-04/10,MT-7402,0,1,1,0,90.201101,27.345181,U,no_sex_call,NA,matched_no_sex_call,original_pipeline,locations.csv,0,1,275,90.201101,27.345181,IND202,1,125,53,G0613,258,223500,3027500,1,1,IND202,TRUE,IND202,IND202
IND203,MT-7404,BRP_PA-04/12,MT-7404,0,1,2,1,90.18748,27.360365,F,consistent_available_calls,NA,lab_ID_not_in_sexing_file,original_pipeline,locations.csv,0,1,276,90.18748,27.360365,IND203,1,123,55,G0644,259,221500,3029500,2,1,IND203,TRUE,IND203,IND203
IND204,MT-7405,BRP_PA-04/13,MT-7405,0,1,2,1,90.196118,27.34136,U,no_sex_call,NA,lab_ID_not_in_sexing_file,original_pipeline,locations.csv,0,1,278,90.196118,27.34136,IND204,1,124,53,G0612,260,222500,3027500,2,1,IND204,TRUE,IND204,IND204
IND204,MT-7406,BRP_PA-04/14,MT-7406,1,2,2,1,90.24246472,27.39323139,U,no_sex_call,NA,matched_no_sex_call,original_pipeline,locations.csv,1,2,279,90.24246472,27.39323139,IND204,1,129,59,G0747,261,227500,3033500,3,1,IND204,TRUE,IND204,IND204
IND205,MT-7408,BRP_PA-04/16,MT-7408,0,1,2,1,90.24246472,27.39323139,F,consistent_available_calls,NA,lab_ID_not_in_sexing_file,original_pipeline,locations.csv,0,1,280,90.24246472,27.39323139,IND205,1,129,59,G0747,262,227500,3033500,3,1,IND205,TRUE,IND205,IND205
IND205,MT-7409,BRP_PA-04/17,MT-7409,1,2,2,1,90.19526,27.337685,F,consistent_available_calls,F,matched_sex_call,original_pipeline,locations.csv,1,2,281,90.19526,27.337685,IND205,1,124,52,G0600,263,222500,3026500,2,1,IND205,TRUE,IND205,IND205
IND206,MT-7410,BRP_PA-04/18,MT-7410,0,1,2,1,90.242671669999993,27.38648528,U,no_sex_call,NA,lab_ID_not_in_sexing_file,original_pipeline,locations.csv,0,1,282,90.242671669999993,27.38648528,IND206,1,129,58,G0722,264,227500,3032500,7,1,IND206,TRUE,IND206,IND206
IND206,MT-7412,BRP_PA-04/20,MT-7412,1,2,2,1,90.25057667,27.37915222,U,no_sex_call,NA,matched_no_sex_call,original_pipeline,locations.csv,1,2,283,90.25057667,27.37915222,IND206,1,130,57,G0698,265,228500,3031500,2,1,IND206,TRUE,IND206,IND206
IND207,MT-7411,BRP_PA-04/19,MT-7411,0,1,2,1,90.32929139,27.46312139,F,consistent_available_calls,NA,lab_ID_not_in_sexing_file,original_pipeline,locations.csv,0,1,284,90.32929139,27.46312139,IND207,1,138,66,G0952,266,236500,3040500,5,1,IND207,TRUE,IND207,IND207
IND207,MT-7413,BRP_PA-04/21,MT-7413,1,2,2,1,90.24765639,27.38080611,F,consistent_available_calls,F,matched_sex_call,original_pipeline,locations.csv,1,2,285,90.24765639,27.38080611,IND207,1,129,57,G0697,267,227500,3031500,8,2,IND207,TRUE,IND207,IND207
IND210,MT-7418,BRP_PA-04/26,MT-7418,0,1,1,0,90.491099,27.20876,U,no_sex_call,NA,matched_no_sex_call,original_pipeline,locations.csv,0,1,289,90.491099,27.20876,IND210,1,153,38,G0354,268,251500,3012500,1,1,IND210,TRUE,IND210,IND210
IND213,MT-7428,BRP_PA-05/04,MT-7428,0,1,1,0,91.027974,27.338898,M,consistent_available_calls,M,matched_sex_call,original_pipeline,locations.csv,0,1,292,91.027974,27.338898,IND213,1,206,51,G0593,269,304500,3025500,3,1,IND213,TRUE,IND213,IND213
IND215,MT-7435,BRP_PA-05/11,MT-7435,0,1,1,0,90.97308,27.421757,U,no_sex_call,NA,matched_no_sex_call,original_pipeline,locations.csv,0,1,294,90.97308,27.421757,IND215,1,201,60,G0789,270,299500,3034500,3,1,IND215,TRUE,IND215,IND215
IND216,MT-7436,BRP_PA-05/12,MT-7436,0,1,1,0,90.950835,27.414387,F,consistent_available_calls,F,matched_sex_call,original_pipeline,locations.csv,0,1,295,90.950835,27.414387,IND216,1,199,60,G0788,271,297500,3034500,5,1,IND216,TRUE,IND216,IND216
IND217,MT-7437,BRP_PA-05/13,MT-7437,0,1,1,0,90.973062,27.421676,F,consistent_available_calls,F,matched_sex_call,original_pipeline,locations.csv,0,1,296,90.973062,27.421676,IND217,1,201,60,G0789,272,299500,3034500,3,1,IND217,TRUE,IND217,IND217
IND218,MT-7438,BRP_PA-05/14,MT-7438,0,1,1,0,91.051057,27.367301,U,no_sex_call,NA,matched_no_sex_call,original_pipeline,locations.csv,0,1,297,91.051057,27.367301,IND218,1,209,54,G0635,273,307500,3028500,3,1,IND218,TRUE,IND218,IND218
IND220,MT-7440,BRP_PA-05/16,MT-7440,0,1,1,0,91.01102,27.361017,F,consistent_available_calls,F,matched_sex_call,original_pipeline,locations.csv,0,1,299,91.01102,27.361017,IND220,1,205,53,G0616,274,303500,3027500,3,1,IND220,TRUE,IND220,IND220
IND221,MT-7441,BRP_PA-05/17,MT-7441,0,1,1,0,90.973663,27.421599,M,consistent_available_calls,M,matched_sex_call,original_pipeline,locations.csv,0,1,300,90.973663,27.421599,IND221,1,201,60,G0789,275,299500,3034500,3,1,IND221,TRUE,IND221,IND221
IND222,MT-7442,BRP_PA-06/01,MT-7442,0,1,1,0,91.323054,27.727491,U,no_sex_call,NA,matched_no_sex_call,original_pipeline,locations.csv,0,1,301,91.323054,27.727491,IND222,1,236,94,G1488,276,334500,3068500,5,1,IND222,TRUE,IND222,IND222
IND223,MT-7443,BRP_PA-06/02,MT-7443,0,1,1,0,91.465839,27.746524,F,consistent_available_calls,F,matched_sex_call,original_pipeline,locations.csv,0,1,302,91.465839,27.746524,IND223,1,250,96,G1520,277,348500,3070500,4,1,IND223,TRUE,IND223,IND223
IND224,MT-7445,BRP_PA-06/04,MT-7445,0,1,1,0,91.464036,27.745642,U,no_sex_call,NA,matched_no_sex_call,original_pipeline,locations.csv,0,1,303,91.464036,27.745642,IND224,1,250,95,G1503,278,348500,3069500,4,1,IND224,TRUE,IND224,IND224
IND225,MT-7446,BRP_PA-06/05,MT-7446,0,1,1,0,91.310546,27.723115,F,consistent_available_calls,F,matched_sex_call,original_pipeline,locations.csv,0,1,304,91.310546,27.723115,IND225,1,235,93,G1476,279,333500,3067500,7,1,IND225,TRUE,IND225,IND225
IND226,MT-7448,BRP_PA-06/07,MT-7448,0,1,1,0,91.301928,27.609262,F,consistent_available_calls,F,matched_sex_call,original_pipeline,locations.csv,0,1,305,91.301928,27.609262,IND226,1,234,81,G1303,280,332500,3055500,8,1,IND226,TRUE,IND226,IND226
IND227,MT-7450,BRP_PA-06/09,MT-7450,0,1,1,0,91.42041,27.494068,M,consistent_available_calls,M,matched_sex_call,original_pipeline,locations.csv,0,1,306,91.42041,27.494068,IND227,1,245,68,G1008,281,343500,3042500,1,1,IND227,TRUE,IND227,IND227
IND229,MT-7456,BRP_PA-06/15,MT-7456,0,1,1,0,91.313435,27.753189,U,no_sex_call,NA,matched_no_sex_call,original_pipeline,locations.csv,0,1,308,91.313435,27.753189,IND229,1,235,97,G1531,282,333500,3071500,9,1,IND229,TRUE,IND229,IND229
IND230,MT-7458,BRP_PA-06/17,MT-7458,0,1,1,0,91.318697,27.752942,U,no_sex_call,NA,matched_no_sex_call,original_pipeline,locations.csv,0,1,309,91.318697,27.752942,IND230,1,236,96,G1517,283,334500,3070500,2,1,IND230,TRUE,IND230,IND230
IND231,MT-7459,BRP_PA-06/18,MT-7459,0,1,1,0,91.427348,27.60535,M,consistent_available_calls,M,matched_sex_call,original_pipeline,locations.csv,0,1,310,91.427348,27.60535,IND231,1,246,80,G1273,284,344500,3054500,4,1,IND231,TRUE,IND231,IND231
IND232,MT-7460,BRP_PA-06/19,MT-7460,0,1,1,0,91.322347,27.406962,U,no_sex_call,NA,matched_no_sex_call,original_pipeline,locations.csv,0,1,311,91.322347,27.406962,IND232,1,236,58,G0728,285,334500,3032500,5,1,IND232,TRUE,IND232,IND232
IND233,MT-7461,BRP_PA-06/20,MT-7461,0,1,1,0,91.374502,27.718963,U,no_sex_call,NA,matched_no_sex_call,original_pipeline,locations.csv,0,1,312,91.374502,27.718963,IND233,1,241,93,G1477,286,339500,3067500,2,1,IND233,TRUE,IND233,IND233
IND234,MT-7462,BRP_PA-06/21,MT-7462,0,1,1,0,91.402538,27.377878,U,no_sex_call,NA,matched_no_sex_call,original_pipeline,locations.csv,0,1,313,91.402538,27.377878,IND234,1,244,55,G0661,287,342500,3029500,4,1,IND234,TRUE,IND234,IND234
IND235,MT-7466,BRP_PA-06/25,MT-7466,1,2,2,1,91.324956,27.785102,F,consistent_available_calls,F,matched_sex_call,original_pipeline,locations.csv,1,2,315,91.324956,27.785102,IND235,1,236,100,G1552,288,334500,3074500,7,1,IND235,TRUE,IND235,IND235
IND236,MT-7465,BRP_PA-06/24,MT-7465,0,1,1,0,91.37406,27.718447,U,no_sex_call,NA,matched_no_sex_call,original_pipeline,locations.csv,0,1,316,91.37406,27.718447,IND236,1,241,93,G1477,289,339500,3067500,2,1,IND236,TRUE,IND236,IND236
IND237,MT-7467,BRP_PA-06/26,MT-7467,0,1,1,0,91.318717,27.75292,U,no_sex_call,NA,matched_no_sex_call,original_pipeline,locations.csv,0,1,317,91.318717,27.75292,IND237,1,236,96,G1517,290,334500,3070500,2,1,IND237,TRUE,IND237,IND237
IND239,MT-7469,BRP_PA-06/28,MT-7469,0,1,1,0,91.324471,27.785143,F,consistent_available_calls,F,matched_sex_call,original_pipeline,locations.csv,0,1,319,91.324471,27.785143,IND239,1,236,100,G1552,291,334500,3074500,7,1,IND239,TRUE,IND239,IND239
IND240,MT-7470,BRP_PA-07/01,MT-7470,0,1,1,0,91.744659,27.302944,M,consistent_available_calls,M,matched_sex_call,original_pipeline,locations.csv,0,1,320,91.744659,27.302944,IND240,1,277,46,G0539,292,375500,3020500,4,1,IND240,TRUE,IND240,IND240
IND241,MT-7471,BRP_PA-07/02,MT-7471,0,1,1,0,91.92488,27.395729,U,no_sex_call,NA,matched_no_sex_call,original_pipeline,locations.csv,0,1,321,91.92488,27.395729,IND241,1,295,56,G0685,293,393500,3030500,4,1,IND241,TRUE,IND241,IND241
IND242,MT-7473,BRP_PA-07/04,MT-7473,0,1,1,0,92.002966,27.229942,U,no_sex_call,NA,matched_no_sex_call,original_pipeline,locations.csv,0,1,322,92.002966,27.229942,IND242,1,303,38,G0365,294,401500,3012500,3,1,IND242,TRUE,IND242,IND242
IND244,MT-7477,BRP_PA-07/08,MT-7477,0,1,1,0,91.931951,27.397992,U,no_sex_call,NA,matched_no_sex_call,original_pipeline,locations.csv,0,1,324,91.931951,27.397992,IND244,1,296,56,G0686,295,394500,3030500,2,1,IND244,TRUE,IND244,IND244
IND247,MT-7484,BRP_PA-08/01,MT-7484,0,1,1,0,92.043974,27.051477,U,no_sex_call,NA,matched_no_sex_call,original_pipeline,locations.csv,0,1,327,92.043974,27.051477,IND247,1,307,18,G0038,296,405500,2992500,4,1,IND247,TRUE,IND247,IND247
IND248,MT-7486,BRP_PA-08/03,MT-7486,0,1,1,0,92.022222,27.121944,F,consistent_available_calls,F,matched_sex_call,original_pipeline,locations.csv,0,1,328,92.022222,27.121944,IND248,1,305,26,G0171,297,403500,3000500,10,1,IND248,TRUE,IND248,IND248
IND249,MT-7487,BRP_PA-01/57,MT-7487,0,1,3,1,89.081974,27.065831,U,no_sex_call,NA,lab_ID_not_in_sexing_file,original_pipeline,locations.csv,0,1,329,89.081974,27.065831,IND249,1,13,25,G0148,298,111500,2999500,3,1,IND249,TRUE,IND249,IND249
IND249,MT-7489,BRP_PA-01/59,MT-7489,1,2,3,1,89.099104,27.048618,U,no_sex_call,NA,lab_ID_not_in_sexing_file,original_pipeline,locations.csv,1,2,330,89.099104,27.048618,IND249,1,14,23,G0116,299,112500,2997500,3,1,IND249,TRUE,IND249,IND249
IND249,MT-7490,BRP_PA-01/60,MT-7490,1,3,3,1,89.180435,27.148642,U,no_sex_call,NA,matched_no_sex_call,original_pipeline,locations.csv,1,3,331,89.180435,27.148642,IND249,1,23,34,G0289,300,121500,3008500,5,2,IND249,TRUE,IND249,IND249
IND250,MT-7488,BRP_PA-01/58,MT-7488,0,1,1,0,89.080682,27.066049,M,consistent_available_calls,M,matched_sex_call,original_pipeline,locations.csv,0,1,332,89.080682,27.066049,IND250,1,13,25,G0148,301,111500,2999500,3,1,IND250,TRUE,IND250,IND250
IND251,MT-7492,BRP_PA-01/62,MT-7492,0,1,6,1,89.180515,27.148626,M,consistent_available_calls,NA,lab_ID_not_in_sexing_file,original_pipeline,locations.csv,0,1,333,89.180515,27.148626,IND251,1,23,34,G0289,302,121500,3008500,5,1,IND251,TRUE,IND251,IND251
IND251,MT-7499,BRP_PA-01/69,MT-7499,1,2,6,1,89.180385,27.148719,M,consistent_available_calls,NA,lab_ID_not_in_sexing_file,original_pipeline,locations.csv,1,2,334,89.180385,27.148719,IND251,1,23,34,G0289,303,121500,3008500,5,1,IND251,TRUE,IND251,IND251
IND251,MT-7503,BRP_PA-01/73,MT-7503,1,3,6,1,89.180525,27.148738,M,consistent_available_calls,NA,lab_ID_not_in_sexing_file,original_pipeline,locations.csv,1,3,335,89.180525,27.148738,IND251,1,23,34,G0289,304,121500,3008500,5,1,IND251,TRUE,IND251,IND251
IND251,MT-7512,BRP_PA-01/82,MT-7512,1,4,6,1,89.180515,27.148626,M,consistent_available_calls,NA,lab_ID_not_in_sexing_file,original_pipeline,locations.csv,1,4,336,89.180515,27.148626,IND251,1,23,34,G0289,305,121500,3008500,5,1,IND251,TRUE,IND251,IND251
IND251,MT-7514,BRP_PA-01/84,MT-7514,1,5,6,1,89.067106,27.180489,M,consistent_available_calls,NA,lab_ID_not_in_sexing_file,original_pipeline,locations.csv,1,5,337,89.067106,27.180489,IND251,1,12,38,G0346,306,110500,3012500,6,2,IND251,TRUE,IND251,IND251
IND251,MT-7519,BRP_PA-01/89,MT-7519,1,6,6,1,89.067548,27.184725,M,consistent_available_calls,M,matched_sex_call,original_pipeline,locations.csv,1,6,338,89.067548,27.184725,IND251,1,12,39,G0367,307,110500,3013500,3,2,IND251,TRUE,IND251,IND251
IND252,MT-7494,BRP_PA-01/64,MT-7494,0,1,1,0,89.180822,27.148841,U,no_sex_call,NA,matched_no_sex_call,original_pipeline,locations.csv,0,1,339,89.180822,27.148841,IND252,1,23,34,G0289,308,121500,3008500,5,1,IND252,TRUE,IND252,IND252
IND253,MT-7495,BRP_PA-01/65,MT-7495,0,1,1,0,89.180525,27.148738,F,consistent_available_calls,F,matched_sex_call,original_pipeline,locations.csv,0,1,340,89.180525,27.148738,IND253,1,23,34,G0289,309,121500,3008500,5,1,IND253,TRUE,IND253,IND253
IND254,MT-7496,BRP_PA-01/66,MT-7496,0,1,1,0,89.106303,27.040459,F,consistent_available_calls,F,matched_sex_call,original_pipeline,locations.csv,0,1,341,89.106303,27.040459,IND254,1,15,22,G0086,310,113500,2996500,3,1,IND254,TRUE,IND254,IND254
IND255,MT-7497,BRP_PA-01/67,MT-7497,0,1,1,0,89.106301,27.040295,M,consistent_available_calls,M,matched_sex_call,original_pipeline,locations.csv,0,1,342,89.106301,27.040295,IND255,1,15,22,G0086,311,113500,2996500,3,1,IND255,TRUE,IND255,IND255
IND256,MT-7502,BRP_PA-01/72,MT-7502,0,1,6,1,89.181051,27.149247,U,no_sex_call,NA,lab_ID_not_in_sexing_file,original_pipeline,locations.csv,0,1,343,89.181051,27.149247,IND256,1,23,34,G0289,312,121500,3008500,5,1,IND256,TRUE,IND256,IND256
IND256,MT-7504,BRP_PA-01/74,MT-7504,1,2,6,1,89.180416,27.148727,U,no_sex_call,NA,lab_ID_not_in_sexing_file,original_pipeline,locations.csv,1,2,344,89.180416,27.148727,IND256,1,23,34,G0289,313,121500,3008500,5,1,IND256,TRUE,IND256,IND256
IND256,MT-7506,BRP_PA-01/76,MT-7506,1,3,6,1,89.106303,27.040459,U,no_sex_call,NA,lab_ID_not_in_sexing_file,original_pipeline,locations.csv,1,3,345,89.106303,27.040459,IND256,1,15,22,G0086,314,113500,2996500,3,2,IND256,TRUE,IND256,IND256
IND256,MT-7507,BRP_PA-01/77,MT-7507,1,4,6,1,89.106301,27.040295,U,no_sex_call,NA,lab_ID_not_in_sexing_file,original_pipeline,locations.csv,1,4,346,89.106301,27.040295,IND256,1,15,22,G0086,315,113500,2996500,3,2,IND256,TRUE,IND256,IND256
IND256,MT-7510,BRP_PA-01/80,MT-7510,1,5,6,1,89.200772,27.216804,U,no_sex_call,NA,lab_ID_not_in_sexing_file,original_pipeline,locations.csv,1,5,347,89.200772,27.216804,IND256,1,25,42,G0431,316,123500,3016500,5,1,IND256,TRUE,IND256,IND256
IND256,MT-7511,BRP_PA-01/81,MT-7511,1,6,6,1,89.181051,27.149247,U,no_sex_call,NA,matched_no_sex_call,original_pipeline,locations.csv,1,6,348,89.181051,27.149247,IND256,1,23,34,G0289,317,121500,3008500,5,1,IND256,TRUE,IND256,IND256
IND257,MT-7508,BRP_PA-01/78,MT-7508,0,1,6,1,89.067319,27.178225,F,consistent_available_calls,NA,lab_ID_not_in_sexing_file,original_pipeline,locations.csv,0,1,349,89.067319,27.178225,IND257,1,12,38,G0346,318,110500,3012500,6,1,IND257,TRUE,IND257,IND257
IND257,MT-7516,BRP_PA-01/86,MT-7516,1,2,6,1,89.067315,27.178233,F,consistent_available_calls,NA,lab_ID_not_in_sexing_file,original_pipeline,locations.csv,1,2,350,89.067315,27.178233,IND257,1,12,38,G0346,319,110500,3012500,6,1,IND257,TRUE,IND257,IND257
IND257,MT-7517,BRP_PA-01/87,MT-7517,1,3,6,1,89.068544,27.181899,F,consistent_available_calls,NA,lab_ID_not_in_sexing_file,original_pipeline,locations.csv,1,3,351,89.068544,27.181899,IND257,1,12,38,G0346,320,110500,3012500,6,1,IND257,TRUE,IND257,IND257
IND257,MT-7520,BRP_PA-01/90,MT-7520,1,4,6,1,89.066241,27.179406,F,consistent_available_calls,NA,lab_ID_not_in_sexing_file,original_pipeline,locations.csv,1,4,352,89.066241,27.179406,IND257,1,12,38,G0346,321,110500,3012500,6,1,IND257,TRUE,IND257,IND257
IND257,MT-7523,BRP_06,MT-7523,1,5,6,1,91.01457375,27.1988517,F,consistent_available_calls,NA,lab_ID_not_in_sexing_file,original_pipeline,locations.csv,1,5,353,91.01457375,27.1988517,IND257,1,205,36,G0321,322,303500,3010500,3,2,IND257,TRUE,IND257,IND257
IND257,MT-7524,BRP_07,MT-7524,1,6,6,1,91.00985,27.2016417,F,consistent_available_calls,F,matched_sex_call,original_pipeline,locations.csv,1,6,354,91.00985,27.2016417,IND257,1,204,36,G0320,323,302500,3010500,3,2,IND257,TRUE,IND257,IND257
IND258,MT-7509,BRP_PA-01/79,MT-7509,0,1,1,0,89.180478,27.148655,F,consistent_available_calls,F,matched_sex_call,original_pipeline,locations.csv,0,1,355,89.180478,27.148655,IND258,1,23,34,G0289,324,121500,3008500,5,1,IND258,TRUE,IND258,IND258
IND259,MT-7522,BRP_02,MT-7522,0,1,1,0,91.02535167,27.2249783,U,no_sex_call,NA,matched_no_sex_call,original_pipeline,locations.csv,1,2,356,91.02535167,27.2249783,IND259,1,206,38,G0357,325,304500,3012500,4,1,IND259,TRUE,IND259,IND259
NEW001,MT-7055,BRP_FD-01/12,MT-7055,0,1,1,0,89.265745,27.247596,M,consistent_available_calls,M,matched_sex_call,provisional_six_locus_new_group,locations.csv,0,1,357,89.265745,27.247596,NEW001,1,32,45,G0500,326,130500,3019500,8,1,NEW001,TRUE,NEW001,NEW001
NEW003,MT-7085,BRP_FD-03/16,MT-7085,0,1,2,1,89.653866,27.063575,U,no_sex_call,NA,lab_ID_not_in_sexing_file,provisional_six_locus_new_group,locations.csv,0,1,359,89.653866,27.063575,NEW003,1,70,23,G0125,327,168500,2997500,6,1,NEW003,TRUE,NEW003,NEW003
NEW003,MT-7087,BRP_FD-03/18,MT-7087,1,2,2,1,89.503181,27.050708,U,no_sex_call,NA,matched_no_sex_call,provisional_six_locus_new_group,locations.csv,1,2,360,89.503181,27.050708,NEW003,1,55,22,G0088,328,153500,2996500,6,2,NEW003,TRUE,NEW003,NEW003
NEW004,MT-7135,BRP_FD-05/26,MT-7135,0,1,1,0,89.741647,27.496581,F,consistent_available_calls,F,matched_sex_call,provisional_six_locus_new_group,locations.csv,0,1,361,89.741647,27.496581,NEW004,1,80,71,G1060,329,178500,3045500,3,1,NEW004,TRUE,NEW004,NEW004
NEW005,MT-7147,BRP_FD-05/38,MT-7147,0,1,1,0,90.22266,27.51513,F,consistent_available_calls,F,matched_sex_call,provisional_six_locus_new_group,locations.csv,0,1,362,90.22266,27.51513,NEW005,1,127,72,G1096,330,225500,3046500,3,1,NEW005,TRUE,NEW005,NEW005
NEW006,MT-7173,BRP_FD-06/21,MT-7173,0,1,1,0,89.824973,27.113677,M,consistent_available_calls,M,matched_sex_call,provisional_six_locus_new_group,locations.csv,0,1,363,89.824973,27.113677,NEW006,1,87,29,G0206,331,185500,3003500,1,1,NEW006,TRUE,NEW006,NEW006
NEW007,MT-7226,BRP_FD-10/14,MT-7226,0,1,2,1,91.7931783,27.103491000000002,M,consistent_available_calls,NA,lab_ID_not_in_sexing_file,provisional_six_locus_new_group,locations.csv,0,1,364,91.7931783,27.103490999999998,NEW007,1,282,24,G0147,332,380500,2998500,8,1,NEW007,TRUE,NEW007,NEW007
NEW007,MT-7227,BRP_FD-10/15,MT-7227,1,2,2,1,91.61371,27.26201,M,consistent_available_calls,M,matched_sex_call,provisional_six_locus_new_group,locations.csv,1,2,365,91.61371,27.26201,NEW007,1,264,42,G0442,333,362500,3016500,6,2,NEW007,TRUE,NEW007,NEW007
NEW008,MT-7298,BRP_PA-01/43,MT-7298,0,1,2,1,89.215248,27.212079,F,consistent_available_calls,NA,lab_ID_not_in_sexing_file,provisional_six_locus_new_group,locations.csv,0,1,366,89.215248,27.212079,NEW008,1,27,41,G0421,334,125500,3015500,5,1,NEW008,TRUE,NEW008,NEW008
NEW008,MT-7301,BRP_PA-01/46,MT-7301,1,2,2,1,89.286999,27.204464,F,consistent_available_calls,F,matched_sex_call,provisional_six_locus_new_group,locations.csv,1,2,367,89.286999,27.204464,NEW008,1,34,40,G0405,335,132500,3014500,1,1,NEW008,TRUE,NEW008,NEW008
NEW009,MT-7318,BRP_PA-02/07,MT-7318,0,1,1,0,89.831013,27.717368,M,consistent_available_calls,M,matched_sex_call,provisional_six_locus_new_group,locations.csv,0,1,368,89.831013,27.717368,NEW009,1,89,95,G1494,336,187500,3069500,7,1,NEW009,TRUE,NEW009,NEW009
NEW010,MT-7425,BRP_PA-05/01,MT-7425,1,3,3,1,90.952657,27.414503,M,consistent_available_calls,M,matched_sex_call,provisional_six_locus_new_group,locations.csv,1,3,371,90.952657,27.414503,NEW010,1,199,60,G0788,337,297500,3034500,5,1,NEW010,TRUE,NEW010,NEW010
NEW011,MT-7444,BRP_PA-06/03,MT-7444,0,1,1,0,91.309024,27.750643,U,no_sex_call,NA,matched_no_sex_call,provisional_six_locus_new_group,locations.csv,0,1,372,91.309024,27.750643,NEW011,1,235,96,G1516,338,333500,3070500,7,1,NEW011,TRUE,NEW011,NEW011
NEW012,MT-7447,BRP_PA-06/06,MT-7447,0,1,1,0,91.280236,27.632835,U,no_sex_call,NA,matched_no_sex_call,provisional_six_locus_new_group,locations.csv,0,1,373,91.280236,27.632835,NEW012,1,232,83,G1349,339,330500,3057500,9,1,NEW012,TRUE,NEW012,NEW012
NEW013,MT-7453,BRP_PA-06/12,MT-7453,1,2,3,1,91.463366,27.755529,U,no_sex_call,NA,lab_ID_not_in_sexing_file,provisional_six_locus_new_group,locations.csv,1,2,375,91.463366,27.755529,NEW013,1,250,97,G1534,340,348500,3071500,2,1,NEW013,TRUE,NEW013,NEW013
NEW013,MT-7455,BRP_PA-06/14,MT-7455,1,3,3,1,91.37692,27.717784,U,no_sex_call,NA,matched_no_sex_call,provisional_six_locus_new_group,locations.csv,1,3,376,91.37692,27.717784,NEW013,1,241,92,G1470,341,339500,3066500,3,2,NEW013,TRUE,NEW013,NEW013
NEW014,MT-7454,BRP_PA-06/13,MT-7454,0,1,1,0,91.374412,27.719001,F,consistent_available_calls,F,matched_sex_call,provisional_six_locus_new_group,locations.csv,0,1,377,91.374412,27.719001,NEW014,1,241,93,G1477,342,339500,3067500,2,1,NEW014,TRUE,NEW014,NEW014
NEW015,MT-7475,BRP_PA-07/06,MT-7475,0,1,3,1,91.902454,27.209506,U,no_sex_call,NA,lab_ID_not_in_sexing_file,provisional_six_locus_new_group,locations.csv,0,1,378,91.902454,27.209506,NEW015,1,293,36,G0325,343,391500,3010500,3,1,NEW015,TRUE,NEW015,NEW015
NEW015,MT-7480,BRP_PA-07/11,MT-7480,1,3,3,1,91.908172,27.377549,U,no_sex_call,NA,matched_no_sex_call,provisional_six_locus_new_group,locations.csv,1,3,380,91.908172,27.377549,NEW015,1,294,54,G0637,344,392500,3028500,3,2,NEW015,TRUE,NEW015,NEW015
NEW016,MT-7483,BRP_PA-07/14,MT-7483,1,2,2,1,91.915156,27.397237,F,consistent_available_calls,F,matched_sex_call,provisional_six_locus_new_group,locations.csv,1,2,382,91.915156,27.397237,NEW016,1,294,56,G0684,345,392500,3030500,1,1,NEW016,TRUE,NEW016,NEW016
