"camstn","elevation_m"
"BD_001",3002.59738424899
"BD_002",3201.86392712295
"BD_003",3388.2768245588
"BD_004",3000.40954843415
"BD_005",3162.9589296265
"BD_006",3232.1284399902
"BD_007",2683.50147405617
"BD_008",2759.72038302273
"BD_009",2630.82943396296
"BD_010",2608.91115247416
"BD_011",2593.70822782503
"BD_012",2856.4346871352
"BD_013",2154.57362520908
"BD_014",2892.0802085304
"BD_015",2713.93008484456
"BD_016",3171.15446045192
"BD_017",2795.49459005115
"BD_018",3068.29665960663
"BD_019",2303.45249451499
"BD_020",2854.56006089398
"BD_021",2539.73276539576
"BD_022",3407.50889154839
"BD_023",3275.34842837864
"BD_024",3774.14371031469
"BD_025",2407.34897339838
"BD_026",3867.26772829457
"BD_027",3439.24111768158
"BD_028",2757.60091332886
"BD_029",3434.80788939478
"BD_030",3509.82435828908
"BD_031",2335.18017274015
"BD_032",2094.83843768586
"BD_033",2304.73279637199
"BD_035",1918.91663762811
"BD_036",3032.42657818515
"BD_037",3159.48640568975
"BD_038",2382.57988766148
"BD_039",4060.5988209557
"BD_040",3857.73278593843
"BD_041",3346.64880556812
"BD_042",2140.13561010376
"BD_043",3479.27589955007
"BD_044",2584.50041834361
"BD_045",3029.76418384097
"BD_046",4142.97659741276
"BD_047",3203.27918260303
"BD_048",3730.93837540542
"BD_049",4082.23751078329
"BD_050",3155.62058445368
"BD_052",3244.25424300495
"BD_053",2847.57155824169
"BD_054",3471.02834053101
"BD_055",3197.88136135904
"BD_056",2692.90060960548
"BD_057",3746.38695036156
"BD_058",2979.22919386698
"BD_059",3387.14147501933
"BD_060",3155.21785429057
"BD_061",3020.62196065812
"BD_062",3220.8206560426
"BD_063",3729.48651506965
"BD_064",3143.44011181569
"BD_065",3553.8853005149
"BD_066",3784.996006598
"BD_067",4027.2945533269
"BWS_001",3077.12561614114
"BWS_002",2883.98976785091
"BWS_003",2585.12965011129
"BWS_004",2881.38241630235
"BWS_005",2551.17585008577
"BWS_006",3172.17869256112
"BWS_007",1973.24693805671
"BWS_008",2352.65846529085
"BWS_009",2274.97983892759
"BWS_010",2682.04186071321
"BWS_011",2851.37546145472
"BWS_012",3079.48532173288
"BWS_013",1886.60666256097
"BWS_014",2993.50531217791
"BWS_015",3394.9041268675
"BWS_016",2807.02493740166
"BWS_017",2185.09577066768
"BWS_018",3354.3707887698
"BWS_019",2826.47480164028
"BWS_020",3420.52175951487
"BWS_021",3291.02736908318
"BWS_022",3025.34350203935
"BWS_023",3265.20801409267
"BWS_024",3320.15490787879
"BWS_025",2618.95381768463
"BWS_026",2723.37025158732
"BWS_027",2781.08795704869
"BWS_028",3015.0937775474
"BWS_029",3162.96689140691
"BWS_030",2548.0285659879
"BWS_031",3414.07476923888
"BWS_032",3113.23803420538
"BWS_033",3180.034283362
"BWS_034",3075.56737744813
"BWS_035",2596.03660537925
"BWS_036",2596.60918607179
"BWS_037",2662.7241617631
"BWS_038",3641.83481146918
"BWS_039",3078.21832947953
"BWS_040",2958.72891784372
"BWS_041",3096.30257855864
"BWS_042",3278.16120502064
"BWS_043",2892.88942178686
"DA_001",2832.3948949158
"DA_002",3766.73953643601
"DA_004",3502.21685152471
"DA_005",3672.51120974732
"DA_006",2900.90561905735
"DA_007",2816.52871081902
"DA_008",3228.82299016487
"DA_010",2818.14381789512
"DA_011",2046.0364221472
"DA_012",2863.56892717051
"DA_014",2580.01948586749
"DA_015",3048.93959873769
"DA_017",2863.18431741431
"DA_020",2954.70552851483
"DA_022",1954.18011368922
"DA_023",2753.92285866926
"DA_024",2544.06102118817
"DA_026",2399.77710087609
"DA_027",1974.91827711346
"DA_028",1618.55857738118
"DA_029",2333.62090927308
"DA_030",1842.0226371161
"DA_031",1848.43457856269
"DA_032I",1948.70690017945
"DA_032II",2225.54090908612
"DA_033",2863.1227165575
"DA_035",2062.58715431545
"DA_036",1524.5666509062
"DA_037",2500.04127589819
"DA_038",1995.93275654264
"DA_039I",2121.69615591453
"DA_039II",2030.19524476313
"DA_040I",761.522567623378
"DA_040II",541.657601434036
"DA_041",1802.97185603185
"DA_043",1286.58847086174
"DA_044",1764.55810182885
"DA_046",2070.42983975392
"DA_047",1212.80668189344
"DA_048",2680.36002070877
"DA_049",2701.5447247558
"DA_050",1734.08622656242
"DA_051",1538.39369877394
"DA_052",569.280990799381
"DA_053",2356.04016517536
"DA_054I",2235.21195759758
"DA_054II",2007.0645815443
"DA_055",1380.26028471616
"DA_056I",453.656148141225
"DA_056II",396.305673351481
"DA_057",2134.78064136842
"DA_058",1975.89552974789
"DA_059",640.40225021691
"DA_060I",2263.74233904932
"DA_060II",1923.57223154092
"DA_061",1314.39613617654
"DA_062",1058.88263464287
"GD_001",2262.47055726693
"GD_002",2140.34436840186
"GD_003",1595.30040979075
"GD_004",2352.38608036231
"GD_005",3356.53635061867
"GD_006",1045.10078771239
"GD_007",1768.39636132713
"GD_008",2443.88744115383
"GD_009",2551.2183272064
"GD_010",717.112746089346
"GD_011",2915.99319915246
"GD_012",1664.10884783283
"GD_013",2993.59907714556
"GD_014",1637.00842222427
"GD_015",2714.71765574337
"GD_016",2683.09157614488
"GD_017",983.890873855421
"GD_018",2594.60963044436
"GD_019",3143.44222165098
"GD_020",2304.54977641381
"GD_022",3116.67522784088
"GD_023",3281.23404018349
"GD_024",1921.72377826709
"GD_025",2851.45331726237
"GD_026",3506.61171768953
"GD_027",1569.12713170557
"GD_028",2781.36997728705
"GD_029",1182.52015006809
"GD_030",1003.27076218848
"GD_033",2258.53583878678
"GD_034",2319.78040562901
"GD_035",1953.60337309157
"GD_036",3715.48944983464
"GD_037",1414.54124683382
"GD_038",1903.36362990395
"GD_039",3213.05686362753
"GD_040",2526.9242426116
"GD_041",1281.45465395947
"GD_042",1318.02208292369
"GD_043",3263.22728258313
"GD_044",1714.61888370152
"GD_045",2801.58154549412
"GD_046",2315.63475958497
"GD_047",2316.13768425184
"GD_048",2293.97151065618
"GD_049",457.331618905972
"GD_050",1691.07894944163
"GD_051",2185.57699215123
"GD_052",1854.83924407661
"GD_053",1364.44634571075
"GD_054",2363.97218776349
"GD_055",1518.23280956133
"GD_056",1278.18942711063
"GD_057",1944.76722074072
"GD_058",607.496029993754
"JDNP_001",3502.37614412683
"JDNP_002",3312.53670115797
"JDNP_003",3427.39654263614
"JDNP_004",3955.86765140981
"JDNP_005",2829.19484014082
"JDNP_006",3464.7150969525
"JDNP_007",3362.01947401893
"JDNP_008",3886.09499422239
"JDNP_009",2853.95707284879
"JDNP_010",3784.34505109503
"JDNP_011",2963.72698813302
"JDNP_012",4017.91308595017
"JDNP_013",3854.23133822653
"JDNP_014",3535.94546417791
"JDNP_015",2602.31229232223
"JDNP_016",3586.09625363097
"JDNP_017",3846.3310955137
"JDNP_018",3468.9140890611
"JDNP_019",3762.3108962282
"JDNP_020",3641.33892819782
"JDNP_021",2780.31087052114
"JDNP_022",2854.35364165957
"JDNP_023",2547.10831520975
"JDNP_024",2433.33570611367
"JDNP_025",2742.41428589089
"JDNP_026",3245.14856326252
"JDNP_027",2902.18069766848
"JDNP_028",3508.86872096786
"JDNP_029",2316.74549716418
"JDNP_030",1915.01353688291
"JDNP_031",2500.62088810174
"JDNP_032",2285.42248553229
"JDNP_033",3263.89529911697
"JDNP_034",2260.18232655811
"JDNP_035",2439.37584076978
"JDNP_036",3365.4362385346
"JDNP_037",2471.81355426717
"JDNP_038",3596.72737755058
"JDNP_039",3713.56448845434
"JDNP_040",2252.32729868665
"JDNP_041",2301.65234381693
"JDNP_042",3423.04571435432
"JDNP_043",2767.39721098021
"JDNP_044",3757.9874450664
"JDNP_045",3797.32378935199
"JDNP_046",3801.69752312662
"JDNP_047",2335.93141800013
"JDNP_048",3419.35872632294
"JDNP_049",2319.64955304787
"JDNP_050",2192.37242669131
"JDNP_051",1668.88636933408
"JDNP_052",2536.98457904491
"JDNP_053",3110.75426762056
"JDNP_054",1656.86395861465
"JDNP_055",2084.40092016677
"JDNP_056",2290.0366106504
"JKSNR_001",3604.86499844001
"JKSNR_002",2930.28294462013
"JKSNR_003",2841.26275869466
"JKSNR_004",2128.81208123419
"JKSNR_006",2633.07925165456
"JKSNR_007",3779.16744894528
"JKSNR_008",3956.01296917771
"JKSNR_009",3224.07054067859
"JKSNR_010",2626.79375602737
"JKSNR_011",3861.57529827676
"JKSNR_012",2074.07106107357
"JKSNR_013",3209.3243096174
"JKSNR_014",2912.16797172572
"JKSNR_015",2629.245779277
"JKSNR_016",4051.57483617452
"JKSNR_017",3748.78781119143
"JKSNR_018",2535.1394190114
"JKSNR_019",1998.0772329301
"JKSNR_020",1797.1560605451
"JKSNR_021",2415.38049570397
"JKSNR_022",2185.15421370986
"JKSNR_023",2991.05225827324
"JKSNR_024",2851.10852859999
"JKSNR_025",1848.98433239641
"JKSNR_026",3476.79142896702
"JKSNR_027",2988.49236143077
"JKSNR_028",3130.89135313783
"JKSNR_029",2568.80331422262
"JSWNP_001",1667.1187959578
"JSWNP_002",1006.67494999541
"JSWNP_003",2061.96932818979
"JSWNP_004",2231.05106488462
"JSWNP_005",1803.78654018015
"JSWNP_006",2263.55505794139
"JSWNP_007",2533.83030912411
"JSWNP_008",2900.16453856201
"JSWNP_009",3263.58131612764
"JSWNP_010",1913.45474619651
"JSWNP_011",2042.84481738963
"JSWNP_012",3712.90296556167
"JSWNP_013",3371.14553251463
"JSWNP_014",2262.89616839551
"JSWNP_015",3794.13474882127
"JSWNP_016",2967.84341999356
"JSWNP_017",2177.71533008333
"JSWNP_018",3374.09985343625
"JSWNP_019",3054.61389855081
"JSWNP_020",3810.7047608824
"JSWNP_021",4036.21678247809
"JSWNP_022",3263.01421023905
"JSWNP_023",2293.99088948972
"JSWNP_024",3031.52791572267
"JSWNP_025",3723.12727533473
"JSWNP_026",4041.55047189851
"JSWNP_027",2666.74545215836
"JSWNP_028",2458.07301207548
"JSWNP_029",4227.05223446905
"JSWNP_030",2616.15032613671
"JSWNP_031",1960.98373358349
"JSWNP_032",1785.856493316
"JSWNP_034",3782.59187113846
"JSWNP_035",2296.14077650817
"JSWNP_036",2045.89159931541
"JSWNP_037",2137.98639214861
"JSWNP_038",1582.33846802264
"JSWNP_039",2505.49486777115
"JSWNP_040",2460.54386756858
"JSWNP_041",2205.78028310768
"JSWNP_042",1750.08231908178
"JSWNP_043",2153.81818868242
"JSWNP_044",2050.91068243914
"JSWNP_045",2191.15399907282
"JSWNP_046",2325.93281120463
"JSWNP_047",1611.05977616171
"JSWNP_048",1837.11115092799
"JSWNP_049",1917.92459856482
"JSWNP_050",2379.45944518051
"JSWNP_051",1821.81449871629
"JSWNP_052",2271.32916750993
"JSWNP_053",2387.01854641354
"JSWNP_054",2275.55691035155
"JSWNP_055",1489.87538127019
"JSWNP_056",2159.34462908161
"JSWNP_057",1460.04725966177
"JSWNP_058",1462.06586947758
"JSWNP_059",2009.03678193265
"JSWNP_060",1785.49910504187
"JSWNP_061",1873.50972132906
"JSWNP_062",1989.63203904154
"JSWNP_063",1382.02112791279
"JSWNP_064",907.679734136578
"JSWNP_065",2242.41911296082
"JWS_001",542.317603108859
"JWS_002",1150.21001063085
"JWS_003",588.005030483292
"JWS_004",397.570868375966
"JWS_005",2321.01011326859
"JWS_006",1209.78422693828
"JWS_007",255.524009079221
"JWS_008",1806.91014491795
"JWS_009",2437.15018106006
"JWS_010",284.210170867397
"JWS_011",1050.07084023664
"JWS_012",1756.03556662052
"JWS_013",432.103381547561
"JWS_014",1849.02349601917
"JWS_015",436.407434888446
"JWS_016",1751.79575802921
"JWS_017",617.199023321574
"JWS_018",1805.26412765139
"JWS_019",991.446770070496
"JWS_020",2195.88051939135
"JWS_021",544.674795564181
"JWS_022",2570.53522524333
"JWS_023",895.925806284225
"JWS_024",3071.41347728706
"JWS_025",2457.5569667995
"JWS_026",1805.58068007661
"JWS_027",662.970929706186
"JWS_028",2332.46016473479
"JWS_029",1948.19670862829
"JWS_030",828.428008347094
"JWS_031",571.354101592135
"JWS_032",1843.9403300711
"JWS_033",2126.05117165682
"JWS_034",1614.51411230468
"JWS_035",2493.01823473072
"JWS_036",2206.11363371979
"JWS_037",2103.47420591028
"JWS_038",1803.17964737608
"JWS_039",574.119473712732
"JWS_040",2382.75386000244
"JWS_041",951.931829318907
"JWS_042",591.16968979364
"JWS_043",1731.71305844979
"JWS_044",2103.51633917935
"JWS_045",1732.12012677583
"JWS_046",1902.6540597117
"JWS_047",2660.30644169261
"JWS_048",828.536990144377
"JWS_049",524.174176548725
"JWS_050",1690.03069429104
"JWS_051",295.403412918027
"JWS_052",2750.46338094515
"JWS_053",1052.05285543322
"JWS_054",2159.7081254561
"JWS_055",439.599496445822
"JWS_056",2448.36392652719
"JWS_057",1754.74357257285
"JWS_058",776.717279581749
"JWS_059",613.50015182314
"JWS_060",995.086131302662
"JWS_061",1894.09438463337
"JWS_062",478.597799620824
"JWS_063",651.145253283419
"JWS_064",1004.07530496035
"MD_001",2613.20338602784
"MD_003",2627.51215912517
"MD_004",2462.39289558155
"MD_005",2568.74411744599
"MD_006",1595.03198802738
"MD_007",2510.162796206
"MD_008",2926.10474181139
"MD_009",2511.21142890397
"MD_010",3032.81018298882
"MD_011",2236.77307419127
"MD_012",2428.72202503213
"MD_013",1753.48908479768
"MD_014",1137.70504380621
"MD_015",2452.93945028551
"MD_016",1399.92674825406
"MD_017",3011.33620134752
"MD_018",1682.74655839852
"MD_019",1368.22422419479
"MD_020",2635.88966022838
"MD_021",1124.48886271289
"MD_022",2605.08214273852
"MD_023",1650.59364145904
"MD_024",2799.87002517236
"MD_025",1625.42683316176
"MD_026",1450.32400404313
"MD_027",965.955609794673
"MD_028",1050.81250446433
"MD_029",1156.90204536366
"MD_030",832.257875414223
"MD_031",953.387988453297
"MD_032",1477.71810575541
"MD_033",1438.71353914927
"MD_034",952.819109834033
"MD_035",2871.1635568082
"MD_036",990.401401220212
"MD_037",1269.27641501336
"MD_038",2397.14103178549
"MD_039",2511.65568758476
"MD_040",2449.31820624831
"MD_041",2079.17072187639
"MD_042",994.571464418154
"MD_043",2727.92024978512
"MD_044",2788.56780454668
"MD_045",2175.58947365184
"MD_046",3458.13606050709
"MD_047",1937.79614830783
"MD_048",3126.66242204383
"MD_049",526.812234459027
"MD_050",2801.39046681201
"MD_051",2877.54488974204
"MD_052",748.684438980125
"MD_053",1972.20654469364
"MD_054",2623.2412656289
"MD_055",2001.18705234102
"MD_056",1870.55876645801
"MD_057",2226.37218563889
"MD_058",2202.15918045584
"MD_059",672.568972780146
"MD_060",841.71522979812
"MD_061",1047.79670926292
"MD_062",1765.76879245602
"MD_063",828.49366784946
"MD_064",1129.36212863062
"MD_065",2561.84083508029
"MD_066",1235.3569945761
"PD_001",4130.85086621101
"PD_003",3467.35907068042
"PD_004",3134.36761530788
"PD_005",3919.57028768368
"PD_006",3717.20965121772
"PD_007",3876.29778404521
"PD_008",3242.3626365594
"PD_009",4132.3920140529
"PD_010",3416.25157503798
"PD_011",3407.14887033221
"PD_012",3691.57260802197
"PD_013",3074.36173830673
"PD_014",3211.59976016179
"PD_015",3344.92441189928
"PD_016",3446.07140432308
"PD_017",3508.7208296039
"PD_018",3857.92718458306
"PD_019",3697.63688028089
"PD_020",3367.62242558878
"PD_021",3663.80771922759
"PD_022",3120.52375486315
"PD_023",3229.95466345552
"PD_024",3579.08947980821
"PD_025",3048.75770898532
"PD_026",3820.48966021046
"PD_027",3674.45909499217
"PD_028",3333.1295387697
"PD_029",3964.03661021283
"PD_030",3437.62019963536
"PD_031",3806.87122375676
"PD_032",3316.01197797312
"PD_033",2984.66915324865
"PD_034",3884.80311475854
"PD_035",3458.79506339668
"PD_036",2956.57176445114
"PD_037",3599.63843353898
"PD_038",3363.80481693966
"PD_039",3012.2632047512
"PD_040",3195.87395352752
"PD_041",3449.60506187928
"PD_042",3414.12989375518
"PD_043",3791.43340314997
"PD_044",3389.51710870479
"PD_045",4051.77572766329
"PD_046",3359.15203687517
"PD_047",3057.1135623196
"PG_001",403.388975984993
"PG_002",587.607151289944
"PG_003",497.432782171164
"PG_004",933.236902546027
"PG_005",904.592678983028
"PG_006",571.642996759556
"PG_007",1215.28554586542
"PG_008",983.54534142816
"PG_009",591.202027896548
"PG_010",1019.37410670182
"PG_011",1534.26827086199
"PG_012",1504.42854140235
"PG_013",963.163059845624
"PG_014",873.87127785985
"PG_015",1268.41257796366
"PG_016",959.243486804773
"PG_017",1657.28951827469
"PG_018",1702.21446582921
"PG_019",1443.83786314134
"PG_020",1675.30326133561
"PG_021",1672.46873062327
"PG_022",564.081466120762
"PG_023",797.784416658476
"PG_024",633.369585260011
"PG_025",805.014153617553
"PG_026",1266.42037006707
"PG_027",452.52908078779
"PG_028",1216.9703946846
"PG_029",1664.38071598814
"PG_030",435.101013599333
"PG_031",1758.48795634303
"PG_032",1923.2588899015
"PG_033",1674.85168852135
"PG_034",1871.91007852052
"PG_035",1106.04221235126
"PG_036",2001.03677947461
"PNP_001",4272.40158295611
"PNP_002",3285.43941964208
"PNP_003",4120.00266291705
"PNP_004",2756.9620028057
"PNP_005",2900.75015076178
"PNP_006",4132.35692384047
"PNP_007",3091.76370106588
"PNP_008",3660.8529899137
"PNP_009",2631.12862534229
"PNP_010",2240.76208914905
"PNP_011",3216.32052119172
"PNP_012",3674.30827536515
"PNP_013",1966.52222295782
"PNP_014",3935.20392071982
"PNP_015",3831.90511764678
"PNP_016",3666.19450947992
"PNP_018",3913.39453367123
"PNP_019",3804.78273246962
"PNP_020",3666.03640101043
"PNP_021",3454.34905422541
"PNP_022",3193.07166747492
"PNP_023",3716.20099784652
"PNP_024",2798.37611779257
"PNP_025",2992.99336022026
"PNP_026",1924.15742314831
"PNP_027",3950.91867577705
"PNP_028",2994.87785126767
"PNP_029",2850.68361538646
"PNP_030",2511.73865384098
"PNP_031",3358.86550253947
"PNP_032",2298.28759294115
"PNP_033",2944.71495970785
"PNP_034",2157.70269578181
"PNP_035",2047.53167067854
"PNP_036",3048.73716632279
"PNP_038",3369.3626884612
"PNP_039",2670.52501284496
"PNP_040",1778.12197685612
"PNP_041",2968.53206378514
"PNP_042",851.584223544193
"PNP_043",2258.4667744918
"PNP_044",2479.64276674168
"PNP_045",2069.08879445713
"PNP_046",2213.45591569762
"PNP_047",1468.74133327481
"PNP_048",1162.94186865242
"PNP_049",1602.94149782084
"PNP_050",1075.30973724942
"PWS_001",269.051444794745
"PWS_002",396.184758419745
"PWS_003",381.805125097117
"PWS_004",407.20992413023
"PWS_005",436.912873621063
"PWS_006",312.291926037158
"PWS_007",365.99921868588
"PWS_008",794.740770931946
"PWS_009",581.14330491346
"PWS_010",365.425147685566
"PWS_011",357.405174821464
"PWS_012",840.522350198973
"PWS_013",393.512379594223
"PWS_014",1003.18607279235
"PWS_015",478.282095326796
"PWS_016",270.081328697361
"PWS_017",340.461701052811
"PWS_018",683.894261524869
"PWS_019",366.846643038172
"PWS_020",255.587728354121
"PWS_021",1112.18786268702
"PWS_022",287.024058251096
"PWS_023",257.233260875218
"PWS_024",383.903666710484
"PWS_025",1201.47915084663
"PWS_026",316.41759459792
"PWS_027",418.247909897355
"PWS_028",331.799100914851
"PWS_029",249.564596196319
"PWS_030",291.706623718721
"PWS_031",390.274150731237
"PWS_TS01",431.875042061024
"RMNP_001",414.427259690074
"RMNP_002",822.075124187232
"RMNP_003",660.566653135343
"RMNP_004",381.881854537308
"RMNP_005",1978.8578168034
"RMNP_006",772.166507423072
"RMNP_007",459.565536679271
"RMNP_008",1651.56911855691
"RMNP_009",1902.48978852685
"RMNP_010",374.108939603824
"RMNP_011",1294.81603857758
"RMNP_012",2253.01587855566
"RMNP_013",285.037729810849
"RMNP_014",2108.23132122922
"RMNP_015",539.611177408965
"RMNP_016",2297.22344235998
"RMNP_017",1780.30892339729
"RMNP_018",417.916529145642
"RMNP_019",1005.21841932915
"RMNP_020",652.450977344475
"RMNP_021",280.79857491018
"RMNP_022",1182.84738886292
"RMNP_023",2379.46869879066
"RMNP_024",1405.63484125897
"RMNP_025",338.479248777988
"RMNP_026",1191.15419910939
"RMNP_027",2268.52846441819
"RMNP_028",397.794335905667
"RMNP_029",1796.94390143082
"RMNP_030",1675.90426602062
"RMNP_031",2012.27814507099
"RMNP_032",341.546195416809
"RMNP_033",697.462897076468
"RMNP_035",435.331699578471
"RMNP_036",1257.29404310906
"RMNP_037",601.60332068937
"RMNP_038",2066.41285212138
"RMNP_039",1432.91950313634
"RMNP_040",1568.12396694579
"RMNP_041",1362.28479410054
"RMNP_042",501.359902397309
"RMNP_043",809.891735196874
"RMNP_045",428.6775937755
"RMNP_046",889.467312412924
"RMNP_047",1148.53297554328
"RMNP_048",723.137147281852
"RMNP_050",657.635729832811
"RMNP_051",471.643042150493
"RMNP_052",996.839805615466
"RMNP_053",363.832016629371
"RMNP_054",548.567603187371
"RMNP_055",635.098877783736
"RMNP_056",976.494209112946
"RMNP_058",268.947953096627
"RMNP_059",419.863824631655
"RMNP_060",465.329632694963
"RMNP_061",719.727942780326
"RMNP_062",203.779352855146
"RMNP_063",448.547127956389
"RMNP_064",234.919105688872
"RMNP_065",814.17807712491
"RMNP_066",567.49503658745
"RMNP_067",208.322246919785
"RMNP_068",290.930173669058
"RMNP_069",189.298468550611
"RMNP_070",253.246535186055
"RMNP_071",120.664631525891
"RMNP_072",358.620491395512
"RMNP_073",556.585826289585
"RMNP_074",218.335833853883
"RMNP_075",198.870753735163
"RMNP_076",885.939481111168
"RMNP_077",398.291625441026
"RMNP_078",151.981083552755
"RMNP_079",872.929078912596
"RMNP_080",389.492101340646
"RMNP_081",135.655021986488
"RMNP_082",244.02414900361
"RMNP_083",133.698914203784
"RMNP_084",768.502455544606
"RMNP_085",267.26543577869
"RMNP_086",287.125964280059
"RMNP_087",823.552489104138
"RMNP_088",450.543695012081
"RMNP_089",918.929865595958
"RMNP_090",350.96991023869
"RMNP_091",496.488073619956
"RMNP_092",300.098661792765
"SM_001",2785.37189995861
"SM_002",1735.56713350015
"SM_003",1301.96526312652
"SM_004",2030.40282208948
"SM_005",1977.84879258513
"SM_006",3034.70222449374
"SM_007",1188.74561086173
"SM_008",2317.09416547128
"SM_009",2123.13243870474
"SM_010",1514.47748171297
"SM_011",2717.62721581642
"SM_012",2340.99550133981
"SM_013",2360.65525086924
"SM_014",2059.59610858068
"SM_015",1676.6558346376
"SM_016",2396.02439878319
"SM_017",2919.72323221654
"SM_018",2631.1344985932
"SM_019",1116.29642265127
"SM_020",1659.27077597669
"SM_021",1152.01304025982
"SM_022",889.041291933534
"SM_023",2048.4661896132
"SM_024",475.535845038783
"SM_025",2057.22393179545
"SM_026",1740.84017807008
"SM_027",1652.51654306806
"SM_028",503.574138064297
"SM_029",1311.58025933949
"SM_030",2257.06832951766
"SM_031",1411.90022752662
"SM_032",2833.18030094195
"SM_033",2224.56894748126
"SM_034",1313.999383622
"SFD_001",883.770940393409
"SFD_002",832.474050367386
"SFD_003",771.024777677947
"SFD_004",723.409472173412
"SFD_005",1800.6924961506
"SFD_006",1108.52058423554
"SFD_007",1770.82439705084
"SFD_008",1832.6565560296
"SFD_009",719.524999795048
"SFD_010",2073.42613557799
"SFD_011",1523.11517619196
"SFD_012",1862.92500644926
"SFD_013",1982.1630272305
"SFD_014",2136.90639194541
"SFD_015",877.311168437857
"SFD_016",1779.94664233529
"SFD_017",1624.9823155347
"SFD_018",966.505462057247
"SFD_019",1348.69191845022
"SFD_020",1269.50394584973
"SFD_021",1637.8665756906
"SFD_022",1007.60836351013
"SFD_023",759.20448026819
"SFD_024",1706.83209607365
"SFD_025",726.573013660988
"SFD_026",764.881968052441
"SFD_027",1045.6460592931
"SFD_028",1719.21502068589
"SFD_029",1760.6942465977
"SJFD_001",456.022228491004
"SJFD_002",1624.25504080519
"SJFD_003",1199.83237100718
"SJFD_004",461.555341721805
"SJFD_005",698.820676965789
"SJFD_006",992.527179170251
"SJFD_007",1561.5267077522
"SJFD_008",856.872472706967
"SJFD_009",413.021024549651
"SJFD_010",239.994953216079
"SJFD_011",1521.88521155618
"SJFD_012",1341.63717082307
"SJFD_013",334.674120155985
"SJFD_014",1449.83199215478
"SJFD_015",1836.64084327127
"SJFD_016",426.829749969661
"SJFD_017",1648.56676056856
"SJFD_018",1458.12866519308
"SJFD_019",254.533982381537
"SJFD_020",1176.4857620681
"SJFD_021",449.447970843174
"SJFD_022",552.864529941515
"SJFD_023",2091.70794548439
"SJFD_024",1296.39591112465
"SJFD_025",2066.1101660204
"SJFD_026",2061.13384674948
"SJFD_027",954.488543976121
"SJFD_028",2095.23159371348
"SWS_001",3917.52669952013
"SWS_002",2692.27758916616
"SWS_003",4246.06534491776
"SWS_004",3846.63877984907
"SWS_005",2802.71971353463
"SWS_006",3678.46936246026
"SWS_008",3938.68171730521
"SWS_009",3740.88812093504
"SWS_010",3733.3112870284
"SWS_011",2625.90939196849
"SWS_012",3123.1249948599
"SWS_013",3608.14199845278
"SWS_014",3802.637531667
"SWS_015",4007.35278808657
"SWS_016",3502.94547241695
"SWS_017",3405.06545869468
"SWS_018",3986.23198720197
"SWS_019",3893.40191511625
"SWS_020",3956.0298174075
"SWS_021",3779.99098129416
"SWS_022",4082.71007213451
"SWS_023",3628.62605637862
"SWS_024",4158.55896899268
"SWS_025",3698.46286981423
"SWS_026",4182.16117936861
"SWS_027",3173.08000535148
"SWS_028",4112.35896256604
"SWS_029",3894.33200316633
"SWS_031",3674.97253866713
"SWS_032",3125.66537358559
"SWS_033",2858.56657618911
"SWS_034",3608.83230554659
"ThD_001",3681.23797415119
"ThD_002",3231.78898187128
"ThD_003",4367.30809462909
"ThD_004",4292.64563314277
"ThD_005",3454.9309617716
"ThD_006",3297.41993193746
"ThD_007",3079.26956244271
"ThD_008",3770.86099113476
"ThD_009",3613.71647045609
"ThD_010",3690.53177609903
"ThD_011",3567.27984893145
"ThD_012",3641.92748203404
"ThD_013",2876.47818663942
"ThD_014",3102.37007212606
"ThD_015",3491.12332685633
"ThD_016",3410.6158219919
"ThD_017",3287.08839276687
"ThD_018",3650.73433196843
"ThD_019",2981.51660914968
"ThD_020",3974.19391933118
"ThD_021",3457.80710022076
"ThD_022",2963.62625248714
"ThD_023",3250.42794903926
"ThD_024",4005.15144933985
"ThD_025",3053.41502963533
"ThD_026",3796.64016255163
"ThD_027",4180.48259002091
"ThD_028",3023.61379230339
"ThD_029",3619.28956276909
"ThD_030",2982.4084100621
"ThD_031",4405.29868866028
"ThD_032",4366.70033804528
"ThD_033",3550.14042183967
"ThD_034",3300.4819501716
"ThD_035",3014.79882464044
"ThD_037",4457.88225491235
"ThD_038",3686.33816563301
"ThD_039",3434.54044058513
"ThD_040",3402.63815450945
"ThD_041",3557.97519773759
"ThD_042",3822.53530585441
"TD_001",2731.67065516847
"TD_002",3440.48149037277
"TD_003",2997.75431432283
"TD_004",3471.94151423142
"TD_005",1904.13173634474
"TD_006",2663.10281389991
"TD_007",1700.17720232106
"TD_008",2775.86387882512
"TD_009",2506.16632569271
"TD_010",2985.25333146269
"TD_011",2260.32820588419
"TD_012",2795.57177631037
"TD_013",2807.83751042735
"TD_014",1791.84655698651
"TD_015",2091.40519579456
"TD_016",1249.34668523927
"TD_017",2633.00754271617
"TD_018",2028.18185900899
"TD_019",2358.45669476046
"TD_020",2516.55642744894
"TD_021",2852.86158305548
"TD_022",971.099908804776
"TD_023",2418.96553687667
"TD_024",2868.40435789896
"TD_025",1434.54121854802
"TD_026",2920.24183388538
"TD_027",3562.29773495326
"TD_028",1662.95836863307
"TD_029",2306.47718431152
"TD_030",2438.52708420653
"TD_031",2205.10719203115
"TD_032",1458.62835404414
"TD_033",2641.77634350639
"TD_034",1525.11440104298
"TD_035",3323.23877705941
"TD_036",2218.61930403596
"TD_037",1957.97655506782
"TD_038",2965.13420020003
"TD_039",2564.81973354005
"TD_040",2590.80473069179
"TD_041",1635.47389347983
"TD_042",2720.20837265808
"TD_043",2802.85395010767
"TD_044",2870.06061637908
"TD_045",2516.05399984613
"TD_046",3801.28187676651
"TD_047",3225.40961583213
"TD_048",2371.56762506465
"TD_049",2427.36282761691
"TD_050",3680.11191652406
"TD_051",2544.60204974897
"TD_052",2899.08605807872
"TD_053",2607.47175076085
"TD_054",2890.69274341761
"TD_055",3069.59547936609
"TD_056",2071.36287187835
"TD_057",3215.56166894035
"TD_058",3404.45803910607
"TD_059",2317.22388714697
"TD_060",2269.90724469554
"TD_061",2790.19582371857
"TD_062",3633.52950338356
"TSFD_002",485.116163512081
"TSFD_003",516.747877746167
"TSFD_004",1076.7221248635
"TSFD_005",817.500237908876
"TSFD_006",605.009002560722
"TSFD_007",607.229364103225
"TSFD_008",603.513958487759
"TSFD_009",1302.87509905706
"TSFD_010",812.896568951865
"TSFD_011",1153.84780965989
"TSFD_012",1526.84184073164
"TSFD_013A",1019.95211472885
"TSFD_013B",1562.70658421433
"TSFD_014",2047.67029066061
"TSFD_016",1081.70911918321
"TSFD_017",2096.28220637654
"TSFD_018",1060.55503371337
"TSFD_019",1219.24947311718
"TSFD_020",2226.05666770667
"TSFD_021",2143.9531963437
"TSFD_022",2067.6996068513
"TSFD_023",1134.24363620179
"TSFD_024",2248.4774674145
"TSFD_025",2313.14006383133
"TSFD_026",2352.62601717826
"TSFD_027",2573.80218045586
"WFD_001",2500.65478870163
"WFD_002",3040.52419564251
"WFD_003",3417.68784104151
"WFD_004",2607.51559134271
"WFD_005",2277.90815376803
"WFD_006",2678.03678304941
"WFD_007",2714.18719401798
"WFD_008",1973.98826238485
"WFD_009",1868.66179062268
"WFD_010",2833.23828778885
"WFD_011",2288.11140665282
"WFD_012",2225.4433341942
"WFD_013",2040.63096086736
"WFD_014",2728.27872978757
"WFD_015",2280.58875367936
"WFD_016",2350.41691015556
"WFD_017",2151.05554585468
"WFD_018",2208.02504332777
"WFD_019",2454.11477089622
"WFD_020",2061.93602202736
"WFD_021",2040.76009553961
"WFD_022",2476.369225943
"WFD_023",1895.84731903346
"WFD_024",1965.66546958419
"WFD_025",1722.12341605407
"WFD_026",2439.53835429599
"WFD_027",2208.12654617133
"WFD_029",2916.20579805015
"WFD_030",2984.67461141158
"WFD_031",2317.84094562503
"WFD_032",1493.71444891595
"WFD_033",2243.8988184436
"WFD_034",2653.70332719591
"WFD_035",2867.71454821542
"WFD_036",1878.44086883157
"WFD_037",1780.36691292071
"WFD_038",1892.76312523419
"WFD_039",3507.69383489163
"WFD_040",3612.86719505321
"WFD_041",1810.70037536204
"WFD_042",3183.73285691326
"WFD_044",2445.74408615656
"WFD_045",1025.47418538353
"WFD_046",3084.21148674894
"WFD_047",1606.8141864359
"WFD_048",2632.82325252842
"WFD_049",3095.89417282789
"WFD_050",3471.62365019241
"WFD_051",3903.4412262734
"WFD_052",2234.80278015777
"WFD_054",3467.02595267939
"WFD_055",2658.44228508
"WFD_056",1867.01361211609
"WFD_057",1406.19834107659
"WFD_058",2712.51783462466
"WFD_059",1556.66451869368
"WFD_060",1681.3817627199
"WFD_061",2859.98768447817
"WFD_063",3427.10659568393
"WFD_064",3529.32311210842
"WFD_065",2667.42670736528
"WFD_066",3509.84624060325
"WFD_067",3591.82634644158
"WFD_068",2871.6771478284
"WFD_069",2623.77987973941
"WFD_070",3173.65254796705
"WFD_071",2440.45218496911
"WFD_072",3482.13945850212
"WFD_073",2847.77551163841
"WFD_074",3392.22584483059
"WFD_075",3071.69794519679
"WFD_076",3770.74902117283
"WFD_077",3582.10235451927
"WCNP_001",3420.4066703561
"WCNP_002",3557.7063695129
"WCNP_003",3759.97894763145
"WCNP_004",3379.39366048079
"WCNP_005",3258.32539752254
"WCNP_006",3030.62983978782
"WCNP_007",3325.94574497968
"WCNP_009",2519.32199855358
"WCNP_010",2543.86787723146
"WCNP_011",2931.17450643665
"WCNP_013",2677.99442122145
"WCNP_015",3160.29525206766
"WCNP_016",3845.96380704979
"WCNP_017",2871.22731325846
"WCNP_018",3518.97744965772
"WCNP_019",3072.66015078658
"WCNP_021",3308.42756911096
"WCNP_022",3792.14070170119
"WCNP_023",3759.2438037759
"WCNP_024",3746.65418538015
"WCNP_025",3423.62689982356
"WCNP_026",3287.23440526735
"WCNP_027",4093.98563139837
"WCNP_028",3199.77527980152
"WCNP_029",3578.83708745446
"WCNP_030",3946.11198321025
"WCNP_031",3438.18531189825
"WCNP_032",3573.22492019354
"WCNP_033",4006.04892808763
"WCNP_034",3380.32235376555
"WCNP_035",3447.39959196352
"WCNP_036",3284.47984773767
"WCNP_037",3966.24305074161
"WCNP_038",3922.94918920668
"WCNP_040",4006.23901008726
"WCNP_041",4073.96536809277
"WCNP_042",2445.65567120297
"WCNP_043",2825.13156137932
"WCNP_044",2086.54082842861
"WCNP_045",2129.80255469214
"WCNP_047",2219.70923038943
"WCNP_050",2185.94434603471
"WCNP_051",2328.39985660126
"ZD_001",1449.13305353068
"ZD_002",2136.72880088851
"ZD_003",786.959429932592
"ZD_004",1506.31417400347
"ZD_005",2224.24763758216
"ZD_006",2287.29428425249
"ZD_007",1333.87640912161
"ZD_008",2539.17753549796
"ZD_009",1785.42780306548
"ZD_010",2057.45711057371
"ZD_011",995.555814731545
"ZD_012",2512.66553408708
"ZD_013",3057.22277909326
"ZD_014",2474.7880859857
"ZD_015",1878.0609498865
"ZD_016",2043.48949352665
"ZD_017",2186.8340025815
"ZD_018",2408.01403174722
"ZD_019",2128.00238967933
"ZD_020",634.487097880999
"ZD_021",1699.23731563127
"ZD_022",2845.57779798055
"ZD_023",2826.62081815348
"ZD_024",1053.75530710115
"ZD_025",2540.41370239778
"ZD_026",3243.51351180421
"ZD_027",2259.83594361138
"ZD_028",1467.81976926237
"ZD_029",1639.51032199484
"ZD_030",717.237206477419
"ZD_031",1598.56441633318
"ZD_032",1722.47502060922
"ZD_033",454.477455676213
"ZD_034",1148.41562620691
"ZD_035",594.808192736668
"ZD_036",1953.48658388756
"ZD_036X",1267.2852831075
"ZD_037",1325.30303805323
"ZD_038",2546.06189798422
"ZD_039",1191.70687220263
"ZD_040",2170.71198914109
"ZD_041",998.0713676703
"ZD_042",1672.62769402868
"ZD_043",2036.36398095619
"ZD_044",2368.12924620325
"ZD_045",2385.96193014375
"ZD_046",348.906445999343
"ZD_047",2087.36917742845
"ZD_048",378.04100577767
"ZD_049",2505.1534621525
"ZD_050",2913.45209787677
"ZD_051",1434.99905002553
"ZD_052",1844.51243587897
"ZD_053",2178.52885786886
"ZD_054",1138.04321639928
"ZD_055",1311.36626227305
"ZD_056",841.884169400975
"ZD_057",646.498306031361
"ZD_058",1609.95896142923
"ZD_059",1658.37250917056
"ZD_060",1026.16794345548
"ZD_061",690.231500158432
"ZD_062",402.963641225333
"ZD_063",1075.12385069242
